ec5_branch_owner_uuid,ec5_branch_uuid,created_at,uploaded_at,title,species,species_notes_if_,percent_cover_,photo_if_needed,cover_notes
214a5043-7444-41f6-9a1e-d783c3cb10f8,84319365-ff6f-4f89-9321-deb6557484b0,2023-05-26T13:52:18.000Z,2023-05-26T13:53:21.000Z,EUDE_(EUPHORBIA DENTATA),EUDE_(EUPHORBIA DENTATA),,1,,
214a5043-7444-41f6-9a1e-d783c3cb10f8,9d88d9f2-bffa-4ab7-bad3-8656959d97e6,2023-05-26T13:51:52.000Z,2023-05-26T13:53:20.000Z,ELCA_(ELYMUS CANADENSIS),ELCA_(ELYMUS CANADENSIS),,0.5,,
214a5043-7444-41f6-9a1e-d783c3cb10f8,b87712a8-686c-41ce-a053-8405a2c9f970,2023-05-26T13:50:38.000Z,2023-05-26T13:53:18.000Z,TRPE_(TRIODANIS PERFOLIATA),TRPE_(TRIODANIS PERFOLIATA),,0.5,,
214a5043-7444-41f6-9a1e-d783c3cb10f8,c287ee7d-1104-469f-822d-0acb390610ea,2023-05-26T13:50:19.000Z,2023-05-26T13:53:17.000Z,PHMO_(PHYSALIS MOLLIS),PHMO_(PHYSALIS MOLLIS),,2,,
214a5043-7444-41f6-9a1e-d783c3cb10f8,2efe4352-a7a8-4e15-adee-2418fdc960fb,2023-05-26T13:49:59.000Z,2023-05-26T13:53:16.000Z,PONU_(POLYTAENIA NUTTALLII),PONU_(POLYTAENIA NUTTALLII),,1,,
214a5043-7444-41f6-9a1e-d783c3cb10f8,93769f16-1f7e-4532-aa4c-8f2e3268b12f,2023-05-26T13:49:23.000Z,2023-05-26T13:53:15.000Z,MOCI_(MONARDA CITRIODORA),MOCI_(MONARDA CITRIODORA),,1,,
214a5043-7444-41f6-9a1e-d783c3cb10f8,50e35795-7cf4-4826-a134-6fff137afd3c,2023-05-26T13:49:08.000Z,2023-05-26T13:53:14.000Z,MIPL_(MIMOSA QUADRIVALVIS var. PLATYCARPA),MIPL_(MIMOSA QUADRIVALVIS var. PLATYCARPA),,5,,
214a5043-7444-41f6-9a1e-d783c3cb10f8,414b2fac-c775-4025-8a66-8a1c0711cca8,2023-05-26T13:48:24.000Z,2023-05-26T13:53:13.000Z,2PLANT_(unknown),2PLANT_(unknown),,2,,PAPE
214a5043-7444-41f6-9a1e-d783c3cb10f8,0ccf9809-46a5-48b1-a7e8-620466392006,2023-05-26T13:47:52.000Z,2023-05-26T13:53:11.000Z,GATE_(GALIUM TEXENSE),GATE_(GALIUM TEXENSE),,6,,
214a5043-7444-41f6-9a1e-d783c3cb10f8,517914de-0983-4a80-8f75-15896c63b26f,2023-05-26T13:47:37.000Z,2023-05-26T13:53:10.000Z,COER_(COMMELINA ERECTA),COER_(COMMELINA ERECTA),,2,,
214a5043-7444-41f6-9a1e-d783c3cb10f8,40330f14-9720-4a78-9f41-2a214e8f3c49,2023-05-26T13:47:21.000Z,2023-05-26T13:53:09.000Z,GAPU_(GAILLARDIA PULCHELLA),GAPU_(GAILLARDIA PULCHELLA),,4,,
214a5043-7444-41f6-9a1e-d783c3cb10f8,90fe7f47-4378-462a-bf4a-27f51975d286,2023-05-26T13:47:10.000Z,2023-05-26T13:53:08.000Z,SODI_(SOLANUM DIMIDIATUM),SODI_(SOLANUM DIMIDIATUM),,1,,
214a5043-7444-41f6-9a1e-d783c3cb10f8,f8741477-26f5-45fa-9421-f1c4a4d78b33,2023-05-26T13:46:49.000Z,2023-05-26T13:53:07.000Z,COCA_(COCCULUS CAROLINUS),COCA_(COCCULUS CAROLINUS),,7,,
214a5043-7444-41f6-9a1e-d783c3cb10f8,90bba873-0695-4b88-b06d-a2e0f0f06934,2023-05-26T13:46:32.000Z,2023-05-26T13:53:05.000Z,SCSC_(SCHIZACHYRIUM SCOPARIUM),SCSC_(SCHIZACHYRIUM SCOPARIUM),,1,,
214a5043-7444-41f6-9a1e-d783c3cb10f8,b04a07fa-40d3-4a92-a599-31ebe3f24999,2023-05-26T13:46:19.000Z,2023-05-26T13:53:04.000Z,TOAR_(TORILIS ARVENSIS),TOAR_(TORILIS ARVENSIS),,4,,
214a5043-7444-41f6-9a1e-d783c3cb10f8,fbb61c47-6b5b-4da6-94ae-dec51ac5e62f,2023-05-26T13:45:55.000Z,2023-05-26T13:53:03.000Z,AMTR_(AMBROSIA TRIFIDA),AMTR_(AMBROSIA TRIFIDA),,30,,
214a5043-7444-41f6-9a1e-d783c3cb10f8,984f6ff6-1b26-417c-b92f-59dba742e551,2023-05-26T13:45:35.000Z,2023-05-26T13:53:02.000Z,SOHA_(SORGHUM HALEPENSE),SOHA_(SORGHUM HALEPENSE),,70,,
d0a2745c-b269-4c71-b5d8-c8b8df4ddf25,31f8efa8-3b0d-436a-98fc-646490918106,2023-05-26T12:11:18.000Z,2023-05-26T12:16:05.000Z,SISYR_(SISYRINCHIUM SP.),SISYR_(SISYRINCHIUM SP.),,0.5,,
d0a2745c-b269-4c71-b5d8-c8b8df4ddf25,24793588-f674-4801-985c-9909b9f2e010,2023-05-26T12:10:42.000Z,2023-05-26T12:16:04.000Z,TRPE_(TRIODANIS PERFOLIATA),TRPE_(TRIODANIS PERFOLIATA),,0.5,,
d0a2745c-b269-4c71-b5d8-c8b8df4ddf25,6e8d7ca2-0c98-485a-b506-c80b4c902026,2023-05-26T12:10:16.000Z,2023-05-26T12:16:03.000Z,SYER_(SYMPHYOTRICHUM ERICOIDES),SYER_(SYMPHYOTRICHUM ERICOIDES),,1,,
d0a2745c-b269-4c71-b5d8-c8b8df4ddf25,85fa3e35-c1d8-4959-a722-58be91b72174,2023-05-26T12:09:52.000Z,2023-05-26T12:16:02.000Z,MIPL_(MIMOSA QUADRIVALVIS var. PLATYCARPA),MIPL_(MIMOSA QUADRIVALVIS var. PLATYCARPA),,8,,
d0a2745c-b269-4c71-b5d8-c8b8df4ddf25,eb44883d-d8df-4cda-a314-85f013be5682,2023-05-26T12:08:59.000Z,2023-05-26T12:16:00.000Z,2PLANT_(family),2PLANT_(family),,3,,Apacea (thin leaves)
d0a2745c-b269-4c71-b5d8-c8b8df4ddf25,98529516-58e8-4db5-b6a1-89f389735867,2023-05-26T12:08:44.000Z,2023-05-26T12:15:59.000Z,2PLANT_(family),2PLANT_(family),,1,,Brasicacea
d0a2745c-b269-4c71-b5d8-c8b8df4ddf25,32d4bf00-bd63-4e53-b553-3a2d348ebe4e,2023-05-26T12:08:29.000Z,2023-05-26T12:15:58.000Z,GATE_(GALIUM TEXENSE),GATE_(GALIUM TEXENSE),,1,,
d0a2745c-b269-4c71-b5d8-c8b8df4ddf25,7810b51b-20f4-46c1-82c3-5765291a64f0,2023-05-26T12:08:01.000Z,2023-05-26T12:15:57.000Z,SODI_(SOLANUM DIMIDIATUM),SODI_(SOLANUM DIMIDIATUM),,2,,
d0a2745c-b269-4c71-b5d8-c8b8df4ddf25,74dd4363-c77e-42e9-8c07-bd0f642f7b69,2023-05-26T12:06:50.000Z,2023-05-26T12:15:56.000Z,ELCA_(ELYMUS CANADENSIS),ELCA_(ELYMUS CANADENSIS),,2,,
d0a2745c-b269-4c71-b5d8-c8b8df4ddf25,fa4bba87-a54d-4b40-a48e-21ba3744302d,2023-05-26T12:06:31.000Z,2023-05-26T12:15:55.000Z,PONU_(POLYTAENIA NUTTALLII),PONU_(POLYTAENIA NUTTALLII),,2,,
d0a2745c-b269-4c71-b5d8-c8b8df4ddf25,eb124d06-f527-48fd-a246-58ff5a8d4552,2023-05-26T12:06:13.000Z,2023-05-26T12:15:53.000Z,MOCI_(MONARDA CITRIODORA),MOCI_(MONARDA CITRIODORA),,1,,
d0a2745c-b269-4c71-b5d8-c8b8df4ddf25,4687c2db-4709-4be5-9139-2740b72dfe57,2023-05-26T12:05:55.000Z,2023-05-26T12:15:52.000Z,GAPU_(GAILLARDIA PULCHELLA),GAPU_(GAILLARDIA PULCHELLA),,8,,
d0a2745c-b269-4c71-b5d8-c8b8df4ddf25,36b7e039-3463-4d2b-a771-59649bdddf95,2023-05-26T12:05:30.000Z,2023-05-26T12:15:51.000Z,TOAR_(TORILIS ARVENSIS),TOAR_(TORILIS ARVENSIS),,2,,
d0a2745c-b269-4c71-b5d8-c8b8df4ddf25,0230f7ea-dae6-469e-af8e-6f350b796c0b,2023-05-26T12:05:00.000Z,2023-05-26T12:15:50.000Z,COCA_(COCCULUS CAROLINUS),COCA_(COCCULUS CAROLINUS),,7,,
d0a2745c-b269-4c71-b5d8-c8b8df4ddf25,19c1c981-99bd-4236-8712-c0c13a1781dd,2023-05-26T12:04:38.000Z,2023-05-26T12:15:49.000Z,SOHA_(SORGHUM HALEPENSE),SOHA_(SORGHUM HALEPENSE),,6,,
d0a2745c-b269-4c71-b5d8-c8b8df4ddf25,09cdc7a9-b8ab-4060-a07c-ff6ee237c542,2023-05-26T12:04:05.000Z,2023-05-26T12:15:47.000Z,AMTR_(AMBROSIA TRIFIDA),AMTR_(AMBROSIA TRIFIDA),,5,,
d0a2745c-b269-4c71-b5d8-c8b8df4ddf25,25e83ebc-50bf-4669-bb11-95911631bfea,2023-05-26T12:03:19.000Z,2023-05-26T12:15:46.000Z,SCSC_(SCHIZACHYRIUM SCOPARIUM),SCSC_(SCHIZACHYRIUM SCOPARIUM),,40,,
f44699e4-cdaf-45c7-9109-e693539d4ab0,2600ba8a-7e19-438b-afc4-e35d1f2102ef,2023-05-25T17:37:51.000Z,2023-05-25T17:39:07.000Z,2PLANT_(family),2PLANT_(family),,0.5,,Asterscae
f44699e4-cdaf-45c7-9109-e693539d4ab0,a0c9ca88-74d5-468a-8998-4e2c8b54ecfa,2023-05-25T17:37:05.000Z,2023-05-25T17:39:06.000Z,CIEN_(CIRSIUM ENGELMANNII),CIEN_(CIRSIUM ENGELMANNII),,1,,
f44699e4-cdaf-45c7-9109-e693539d4ab0,25afda02-af1f-4ee6-905a-d6fa44a386ba,2023-05-25T17:36:47.000Z,2023-05-25T17:39:05.000Z,SCSC_(SCHIZACHYRIUM SCOPARIUM),SCSC_(SCHIZACHYRIUM SCOPARIUM),,0.5,,
f44699e4-cdaf-45c7-9109-e693539d4ab0,d9432819-7f10-43f1-94e9-2379069c4929,2023-05-25T17:36:15.000Z,2023-05-25T17:39:03.000Z,GAPU_(GAILLARDIA PULCHELLA),GAPU_(GAILLARDIA PULCHELLA),,3,,
f44699e4-cdaf-45c7-9109-e693539d4ab0,de826331-16b3-47f3-acdc-70aa1b171e13,2023-05-25T17:35:58.000Z,2023-05-25T17:39:02.000Z,MOCI_(MONARDA CITRIODORA),MOCI_(MONARDA CITRIODORA),,2,,
f44699e4-cdaf-45c7-9109-e693539d4ab0,abbc54d5-1e1a-4be5-bc59-c2e72e090401,2023-05-25T17:35:00.000Z,2023-05-25T17:39:01.000Z,BRJA_(BROMUS JAPONICUS),BRJA_(BROMUS JAPONICUS),,3,,
f44699e4-cdaf-45c7-9109-e693539d4ab0,e07e5751-35cd-4f39-82c9-68b05255fe35,2023-05-25T17:34:42.000Z,2023-05-25T17:39:00.000Z,MIPL_(MIMOSA QUADRIVALVIS var. PLATYCARPA),MIPL_(MIMOSA QUADRIVALVIS var. PLATYCARPA),,5,,
f44699e4-cdaf-45c7-9109-e693539d4ab0,42cf5e0e-7435-48db-8542-379808c7b24b,2023-05-25T17:34:21.000Z,2023-05-25T17:38:59.000Z,PHMO_(PHYSALIS MOLLIS),PHMO_(PHYSALIS MOLLIS),,1,,
f44699e4-cdaf-45c7-9109-e693539d4ab0,89334663-9c9e-4d73-8a62-153ef51dbd7d,2023-05-25T17:34:06.000Z,2023-05-25T17:38:58.000Z,ERTE_(ERODIUM TEXANUM),ERTE_(ERODIUM TEXANUM),,1,,
f44699e4-cdaf-45c7-9109-e693539d4ab0,c04e8c3b-00fc-4884-9062-450782d7890f,2023-05-25T17:33:25.000Z,2023-05-25T17:38:57.000Z,GATE_(GALIUM TEXENSE),GATE_(GALIUM TEXENSE),,5,,
f44699e4-cdaf-45c7-9109-e693539d4ab0,4086d4ff-ef31-4708-b88d-ac4d5eae0e7a,2023-05-25T17:33:06.000Z,2023-05-25T17:40:29.000Z,2PLANT_(unknown),2PLANT_(unknown),,1,,Pape
f44699e4-cdaf-45c7-9109-e693539d4ab0,88afc9cb-3498-4a17-b037-c47c259be639,2023-05-25T17:31:45.000Z,2023-05-25T17:38:54.000Z,SOHA_(SORGHUM HALEPENSE),SOHA_(SORGHUM HALEPENSE),,3,,
f44699e4-cdaf-45c7-9109-e693539d4ab0,f1b6a717-3cc5-43ef-8516-96c7aba24211,2023-05-25T17:30:57.000Z,2023-05-25T17:38:53.000Z,COCA_(COCCULUS CAROLINUS),COCA_(COCCULUS CAROLINUS),,5,,
f44699e4-cdaf-45c7-9109-e693539d4ab0,e96fa5e8-8ce9-4a78-b956-cdff765e24ab,2023-05-25T17:30:39.000Z,2023-05-25T17:38:52.000Z,TOAR_(TORILIS ARVENSIS),TOAR_(TORILIS ARVENSIS),,25,,
f44699e4-cdaf-45c7-9109-e693539d4ab0,b7bf6ed6-1e71-4a26-9f7e-bb3fa819b8bf,2023-05-25T17:30:04.000Z,2023-05-25T17:38:51.000Z,AMTR_(AMBROSIA TRIFIDA),AMTR_(AMBROSIA TRIFIDA),,90,,
33cfb7d6-8ed1-44c1-825e-490897acb04a,c27ca4e0-bbc6-42b2-8060-43e36fccb7c0,2023-05-25T15:01:06.523Z,2023-05-25T15:40:56.000Z,TOAR_(TORILIS ARVENSIS),TOAR_(TORILIS ARVENSIS),,4,,
33cfb7d6-8ed1-44c1-825e-490897acb04a,dcfb6112-058f-4b30-b777-f61ecb5e8dd2,2023-05-25T15:00:24.918Z,2023-05-25T15:40:54.000Z,TRPE_(TRIODANIS PERFOLIATA),TRPE_(TRIODANIS PERFOLIATA),,0.5,,
33cfb7d6-8ed1-44c1-825e-490897acb04a,d626a85f-32ec-48e6-bae2-58362952f707,2023-05-25T14:59:44.729Z,2023-05-25T15:40:53.000Z,SYER_(SYMPHYOTRICHUM ERICOIDES),SYER_(SYMPHYOTRICHUM ERICOIDES),,1,,
33cfb7d6-8ed1-44c1-825e-490897acb04a,65562c49-edfb-4aff-ae90-13af11927f3c,2023-05-25T14:59:17.869Z,2023-05-25T15:40:52.000Z,BRJA_(BROMUS JAPONICUS),BRJA_(BROMUS JAPONICUS),,6,,
33cfb7d6-8ed1-44c1-825e-490897acb04a,f09e5001-a317-46b3-8e99-312f1420d198,2023-05-25T14:58:33.917Z,2023-05-25T15:40:50.000Z,SONU_(SORGHASTRUM NUTANS),SONU_(SORGHASTRUM NUTANS),,10,,
33cfb7d6-8ed1-44c1-825e-490897acb04a,2419ea46-d91a-4efb-a70f-9dbd408848b9,2023-05-25T14:58:16.929Z,2023-05-25T15:40:49.000Z,RUTR_(RUBUS TRIVIALIS),RUTR_(RUBUS TRIVIALIS),,1,,
33cfb7d6-8ed1-44c1-825e-490897acb04a,03f4a17f-be39-4493-9dd6-5b97d042edf2,2023-05-25T14:57:24.408Z,2023-05-25T15:40:47.000Z,PHMO_(PHYSALIS MOLLIS),PHMO_(PHYSALIS MOLLIS),,0.5,,
33cfb7d6-8ed1-44c1-825e-490897acb04a,a4d3290c-25db-4511-8b47-b81806286d76,2023-05-25T14:56:55.321Z,2023-05-25T15:40:46.000Z,PSTE_(PSORALIDIUM TENUIFLORUM),PSTE_(PSORALIDIUM TENUIFLORUM),,4,,
33cfb7d6-8ed1-44c1-825e-490897acb04a,750238d7-510e-4388-af87-6b02166a6699,2023-05-25T14:56:27.437Z,2023-05-25T15:40:45.000Z,MIPL_(MIMOSA QUADRIVALVIS var. PLATYCARPA),MIPL_(MIMOSA QUADRIVALVIS var. PLATYCARPA),,2,,
33cfb7d6-8ed1-44c1-825e-490897acb04a,976c60ad-2210-48ef-b96e-4482ac6cccc6,2023-05-25T14:55:42.134Z,2023-05-25T15:40:43.000Z,GATE_(GALIUM TEXENSE),GATE_(GALIUM TEXENSE),,2,,
33cfb7d6-8ed1-44c1-825e-490897acb04a,d8ea5cb4-9fc3-4d4a-8f4e-c17f27c783c5,2023-05-25T14:55:21.279Z,2023-05-25T15:40:42.000Z,2PLANT_(genus),2PLANT_(genus),,0.5,,Euphorbia
33cfb7d6-8ed1-44c1-825e-490897acb04a,4fae6eac-fad9-4a15-a532-e8e8f4afb295,2023-05-25T14:54:56.524Z,2023-05-25T15:40:41.000Z,COCA_(COCCULUS CAROLINUS),COCA_(COCCULUS CAROLINUS),,35,,
33cfb7d6-8ed1-44c1-825e-490897acb04a,89565e56-126f-4ebd-86e8-880c44092de5,2023-05-25T14:54:15.400Z,2023-05-25T15:40:39.000Z,SCSC_(SCHIZACHYRIUM SCOPARIUM),SCSC_(SCHIZACHYRIUM SCOPARIUM),,75,,
33cfb7d6-8ed1-44c1-825e-490897acb04a,85aae369-88bc-4219-8037-45602bb3b6e3,2023-05-25T14:53:49.627Z,2023-05-25T15:40:38.000Z,MOCI_(MONARDA CITRIODORA),MOCI_(MONARDA CITRIODORA),,2,,
33cfb7d6-8ed1-44c1-825e-490897acb04a,6b3e37c2-38cc-41a3-9e9f-4081a089f3a3,2023-05-25T14:52:43.120Z,2023-05-25T15:40:36.000Z,CEME_(CENTAUREA MELITENSIS),CEME_(CENTAUREA MELITENSIS),,3,,
33cfb7d6-8ed1-44c1-825e-490897acb04a,1b741bef-1477-489a-a484-7a2fb827e5d3,2023-05-25T14:52:10.971Z,2023-05-25T15:40:35.000Z,PONU_(POLYTAENIA NUTTALLII),PONU_(POLYTAENIA NUTTALLII),,3,,
33cfb7d6-8ed1-44c1-825e-490897acb04a,a8629cbe-1f18-4ac5-9854-bc56f183ec2d,2023-05-25T14:51:48.685Z,2023-05-25T15:40:34.000Z,AMTR_(AMBROSIA TRIFIDA),AMTR_(AMBROSIA TRIFIDA),,10,,
0b7e15ca-b231-4103-8509-0e71ecd4ee4c,06530430-9c26-4025-8fd9-60b0dff3b101,2023-05-25T13:05:40.715Z,2023-05-25T13:48:08.000Z,OXST_(OXALIS STRICTA),OXST_(OXALIS STRICTA),,3,,
0b7e15ca-b231-4103-8509-0e71ecd4ee4c,41993b0a-c958-4cb3-8488-9c52392e0fa6,2023-05-25T13:05:04.884Z,2023-05-25T13:48:07.000Z,RUTR_(RUBUS TRIVIALIS),RUTR_(RUBUS TRIVIALIS),,3,,
0b7e15ca-b231-4103-8509-0e71ecd4ee4c,5980a2b6-a31d-44f6-a472-aa7308a16d72,2023-05-25T13:04:36.749Z,2023-05-25T13:48:06.000Z,2PLANT_(family),2PLANT_(family),,2,,Apacea
0b7e15ca-b231-4103-8509-0e71ecd4ee4c,23ad9a39-c353-4076-8609-d21c8651b96e,2023-05-25T13:04:01.826Z,2023-05-25T13:48:04.000Z,TRPE_(TRIODANIS PERFOLIATA),TRPE_(TRIODANIS PERFOLIATA),,1,,
0b7e15ca-b231-4103-8509-0e71ecd4ee4c,51ff82cb-7815-47a9-90fd-a10d401d542c,2023-05-25T13:03:25.693Z,2023-05-25T13:48:02.000Z,CEME_(CENTAUREA MELITENSIS),CEME_(CENTAUREA MELITENSIS),,5,,
0b7e15ca-b231-4103-8509-0e71ecd4ee4c,0b4821b0-00c4-44f7-9259-a7982676911a,2023-05-25T13:02:39.250Z,2023-05-25T13:48:01.000Z,PONU_(POLYTAENIA NUTTALLII),PONU_(POLYTAENIA NUTTALLII),,3,,
0b7e15ca-b231-4103-8509-0e71ecd4ee4c,c5bb103c-d428-47e4-b2f5-1196c58c97fb,2023-05-25T13:01:48.507Z,2023-05-25T13:48:00.000Z,SOHA_(SORGHUM HALEPENSE),SOHA_(SORGHUM HALEPENSE),,6,,
0b7e15ca-b231-4103-8509-0e71ecd4ee4c,febfc226-604b-462f-a3e9-aa6d6931ead5,2023-05-25T13:01:27.970Z,2023-05-25T13:47:59.000Z,SPCO_(SPOROBOLUS COMPOSITUS),SPCO_(SPOROBOLUS COMPOSITUS),,5,,
0b7e15ca-b231-4103-8509-0e71ecd4ee4c,93317b91-eda3-479a-a9f8-4cb56b4beb8d,2023-05-25T13:01:10.931Z,2023-05-25T13:47:57.000Z,ELCA_(ELYMUS CANADENSIS),ELCA_(ELYMUS CANADENSIS),,2,,
0b7e15ca-b231-4103-8509-0e71ecd4ee4c,5a40670e-7215-4f56-a850-fa8a71be99bb,2023-05-25T13:00:42.663Z,2023-05-25T13:47:55.000Z,2PLANT_(unknown),2PLANT_(unknown),,2,,PAPE
0b7e15ca-b231-4103-8509-0e71ecd4ee4c,35880d8d-d396-4fb8-87a8-4d4a22169ff7,2023-05-25T13:00:12.919Z,2023-05-25T13:47:54.000Z,GATE_(GALIUM TEXENSE),GATE_(GALIUM TEXENSE),,3,,
0b7e15ca-b231-4103-8509-0e71ecd4ee4c,37d9c5e7-4808-402b-9c60-22f0e536c190,2023-05-25T12:59:52.132Z,2023-05-25T13:47:53.000Z,COCA_(COCCULUS CAROLINUS),COCA_(COCCULUS CAROLINUS),,15,,
0b7e15ca-b231-4103-8509-0e71ecd4ee4c,bc231f3b-aed7-43c2-bfba-faa91b867823,2023-05-25T12:59:36.380Z,2023-05-25T13:47:51.000Z,TOAR_(TORILIS ARVENSIS),TOAR_(TORILIS ARVENSIS),,30,,
0b7e15ca-b231-4103-8509-0e71ecd4ee4c,2222a3e1-6c36-4d24-a258-30b162bdd6bc,2023-05-25T12:59:09.805Z,2023-05-25T13:47:50.000Z,MOCI_(MONARDA CITRIODORA),MOCI_(MONARDA CITRIODORA),,10,,
0b7e15ca-b231-4103-8509-0e71ecd4ee4c,ad906806-2fce-4b1c-97de-1b23bb2bf37c,2023-05-25T12:58:35.495Z,2023-05-25T13:47:48.000Z,AMTR_(AMBROSIA TRIFIDA),AMTR_(AMBROSIA TRIFIDA),,80,,
b0f9325f-4cf2-4ef5-a74e-3f84c4569ac4,e67a936f-8916-46ae-81e4-9c9ea47ba3f9,2023-05-24T14:02:23.634Z,2023-05-24T14:05:19.000Z,SPCO_(SPOROBOLUS COMPOSITUS),SPCO_(SPOROBOLUS COMPOSITUS),,0.5,,
b0f9325f-4cf2-4ef5-a74e-3f84c4569ac4,6f9a011a-e5df-4ca2-a2a7-bed19c1c4bf3,2023-05-24T14:01:40.366Z,2023-05-24T14:05:17.000Z,OXST_(OXALIS STRICTA),OXST_(OXALIS STRICTA),,0.5,,
b0f9325f-4cf2-4ef5-a74e-3f84c4569ac4,14d80fea-ba88-4884-baee-d988644043b3,2023-05-24T13:59:15.639Z,2023-05-24T14:05:16.000Z,PHMO_(PHYSALIS MOLLIS),PHMO_(PHYSALIS MOLLIS),,2,,
b0f9325f-4cf2-4ef5-a74e-3f84c4569ac4,fd6750b6-e55d-4894-acf5-9ac83a0c8b77,2023-05-24T13:58:55.105Z,2023-05-24T14:05:14.000Z,GAPU_(GAILLARDIA PULCHELLA),GAPU_(GAILLARDIA PULCHELLA),,10,,
b0f9325f-4cf2-4ef5-a74e-3f84c4569ac4,0d2b10e8-eca8-482b-8bd1-d70c74fd860c,2023-05-24T13:58:35.343Z,2023-05-24T14:05:13.000Z,COER_(COMMELINA ERECTA),COER_(COMMELINA ERECTA),,0.5,,Check Species
b0f9325f-4cf2-4ef5-a74e-3f84c4569ac4,3cc1341f-df34-47ae-9248-bdabaead4e5a,2023-05-24T13:56:39.505Z,2023-05-24T14:05:10.000Z,TOAR_(TORILIS ARVENSIS),TOAR_(TORILIS ARVENSIS),,3,,
b0f9325f-4cf2-4ef5-a74e-3f84c4569ac4,308e9a88-f1db-4a8a-a0aa-d34d200e7d6c,2023-05-24T13:56:22.016Z,2023-05-24T14:05:09.000Z,2PLANT_(family),2PLANT_(family),,1,,Spear Grass poacea
b0f9325f-4cf2-4ef5-a74e-3f84c4569ac4,b55569a7-ae22-48c8-9644-1e2e086f47e8,2023-05-24T13:55:24.418Z,2023-05-24T14:05:08.000Z,CIEN_(CIRSIUM ENGELMANNII),CIEN_(CIRSIUM ENGELMANNII),,2,,
b0f9325f-4cf2-4ef5-a74e-3f84c4569ac4,4b80f22a-9309-47d4-9238-4850581bb8a4,2023-05-24T13:55:02.777Z,2023-05-24T14:05:06.000Z,2PLANT_(genus),2PLANT_(genus),,1,,Euphorbia
b0f9325f-4cf2-4ef5-a74e-3f84c4569ac4,6267179b-3f3c-4bc4-92b0-95ca1ec5aeb8,2023-05-24T13:54:09.393Z,2023-05-24T14:05:03.000Z,2PLANT_(unknown),2PLANT_(unknown),,2,,“Sticky plant”
b0f9325f-4cf2-4ef5-a74e-3f84c4569ac4,d1b8be48-9419-4726-9a00-f2101313ce5f,2023-05-24T13:53:43.535Z,2023-05-24T14:05:01.000Z,SCSC_(SCHIZACHYRIUM SCOPARIUM),SCSC_(SCHIZACHYRIUM SCOPARIUM),,6,,
b0f9325f-4cf2-4ef5-a74e-3f84c4569ac4,df3d6a72-b826-4b5d-be95-aab61848b6c1,2023-05-24T13:53:18.448Z,2023-05-24T14:05:00.000Z,TRBR_(TRAGIA BREVISPICA),TRBR_(TRAGIA BREVISPICA),,3,,
b0f9325f-4cf2-4ef5-a74e-3f84c4569ac4,87de1044-9fc9-43b8-81d7-8fcaa2e64384,2023-05-24T13:52:57.780Z,2023-05-24T14:04:58.000Z,RUTR_(RUBUS TRIVIALIS),RUTR_(RUBUS TRIVIALIS),,16,,
b0f9325f-4cf2-4ef5-a74e-3f84c4569ac4,7f274811-b201-4d2d-a758-a50a7073e05e,2023-05-24T13:52:35.339Z,2023-05-24T14:04:55.000Z,GATE_(GALIUM TEXENSE),GATE_(GALIUM TEXENSE),,35,,
b0f9325f-4cf2-4ef5-a74e-3f84c4569ac4,030c5b75-981f-4470-a2c8-909329c790ed,2023-05-24T13:52:21.998Z,2023-05-24T14:04:54.000Z,COCA_(COCCULUS CAROLINUS),COCA_(COCCULUS CAROLINUS),,5,,
b0f9325f-4cf2-4ef5-a74e-3f84c4569ac4,ab68069d-9daf-4980-a2af-92142d2fa693,2023-05-24T13:52:10.268Z,2023-05-24T14:04:52.000Z,AMTR_(AMBROSIA TRIFIDA),AMTR_(AMBROSIA TRIFIDA),,40,,
bc054f23-e73e-4bd8-8414-b36ba7bc1d77,9a8d2ba1-b240-4c11-b766-eaec9a5054fd,2023-05-23T13:25:12.712Z,2023-05-23T14:07:33.000Z,COER_(COMMELINA ERECTA),COER_(COMMELINA ERECTA),,4,,
bc054f23-e73e-4bd8-8414-b36ba7bc1d77,5c0e5cbf-c389-4cd2-90c3-b15a66acd7f9,2023-05-23T13:24:07.011Z,2023-05-23T14:07:31.000Z,TOAR_(TORILIS ARVENSIS),TOAR_(TORILIS ARVENSIS),,20,,
bc054f23-e73e-4bd8-8414-b36ba7bc1d77,cee1d26f-7be7-45ec-8d82-e81a2f877a51,2023-05-23T13:23:38.304Z,2023-05-23T14:07:29.000Z,COCA_(COCCULUS CAROLINUS),COCA_(COCCULUS CAROLINUS),,35,,
bc054f23-e73e-4bd8-8414-b36ba7bc1d77,65c8f859-dc24-43a5-a7a3-fc3225e5b345,2023-05-23T13:22:56.836Z,2023-05-23T14:07:28.000Z,SPCO_(SPOROBOLUS COMPOSITUS),SPCO_(SPOROBOLUS COMPOSITUS),,8,,
bc054f23-e73e-4bd8-8414-b36ba7bc1d77,e87d9ab0-f673-450d-a9b9-0559e0e35977,2023-05-23T13:22:05.844Z,2023-05-23T14:07:26.000Z,SOHA_(SORGHUM HALEPENSE),SOHA_(SORGHUM HALEPENSE),,40,,
bc054f23-e73e-4bd8-8414-b36ba7bc1d77,7c7c22ef-bfb5-402d-8f65-aaf70f9e9653,2023-05-23T13:21:26.250Z,2023-05-23T14:07:24.000Z,PONU_(POLYTAENIA NUTTALLII),PONU_(POLYTAENIA NUTTALLII),,4,,
bc054f23-e73e-4bd8-8414-b36ba7bc1d77,c41e942b-e1b4-494c-99cd-c617e9fa4ceb,2023-05-23T13:20:52.896Z,2023-05-23T14:07:22.000Z,AMTR_(AMBROSIA TRIFIDA),AMTR_(AMBROSIA TRIFIDA),,35,,
9892bea0-ee69-4b46-8eea-87b723cb496a,ee47b9d0-8ce7-481b-a394-c6d5714270c0,2023-05-23T13:17:40.205Z,2023-05-23T14:07:19.000Z,GAPU_(GAILLARDIA PULCHELLA),GAPU_(GAILLARDIA PULCHELLA),,3,,
9892bea0-ee69-4b46-8eea-87b723cb496a,ac16782e-8548-4ecd-acbb-68175bf02cbc,2023-05-23T13:16:36.747Z,2023-05-23T14:07:16.000Z,CEME_(CENTAUREA MELITENSIS),CEME_(CENTAUREA MELITENSIS),,8,,CEAM?
9892bea0-ee69-4b46-8eea-87b723cb496a,be77f6d4-316f-4039-af38-5fb141bfed9e,2023-05-23T13:14:48.904Z,2023-05-23T14:07:15.000Z,COCA_(COCCULUS CAROLINUS),COCA_(COCCULUS CAROLINUS),,30,,
9892bea0-ee69-4b46-8eea-87b723cb496a,eeb6e1a9-d8a3-44c8-85ab-9a3067403199,2023-05-23T13:14:03.437Z,2023-05-23T14:07:14.000Z,SPCO_(SPOROBOLUS COMPOSITUS),SPCO_(SPOROBOLUS COMPOSITUS),,6,,
9892bea0-ee69-4b46-8eea-87b723cb496a,c46f3b81-6bc5-46fc-bbac-a86051d432af,2023-05-23T13:13:11.389Z,2023-05-23T14:07:12.000Z,SOHA_(SORGHUM HALEPENSE),SOHA_(SORGHUM HALEPENSE),,5,,
9892bea0-ee69-4b46-8eea-87b723cb496a,9d71f42b-54f4-445c-aa9d-df1dd45a4ca6,2023-05-23T13:12:53.413Z,2023-05-23T14:07:10.000Z,GATE_(GALIUM TEXENSE),GATE_(GALIUM TEXENSE),,80,,
9892bea0-ee69-4b46-8eea-87b723cb496a,8403b2ae-6608-4079-8089-2cad824e0722,2023-05-23T13:12:18.133Z,2023-05-23T14:07:09.000Z,TOAR_(TORILIS ARVENSIS),TOAR_(TORILIS ARVENSIS),,30,,
9892bea0-ee69-4b46-8eea-87b723cb496a,e6da9795-f834-407b-ba58-fa5643841669,2023-05-23T13:11:18.227Z,2023-05-23T14:07:08.000Z,AMTR_(AMBROSIA TRIFIDA),AMTR_(AMBROSIA TRIFIDA),,70,,
c5261ef3-db17-4c4b-ba57-e2ddd9016575,1a2eb640-4092-434a-9cd4-1942b8f5a545,2023-05-23T13:05:35.583Z,2023-05-23T14:07:03.000Z,GATE_(GALIUM TEXENSE),GATE_(GALIUM TEXENSE),,30,,
c5261ef3-db17-4c4b-ba57-e2ddd9016575,441199bf-f365-44e9-8dab-5326f0bb7623,2023-05-23T13:04:43.918Z,2023-05-23T14:07:01.000Z,COCA_(COCCULUS CAROLINUS),COCA_(COCCULUS CAROLINUS),,25,,
c5261ef3-db17-4c4b-ba57-e2ddd9016575,7ee39d81-ec41-4af7-9d56-b513adf0a073,2023-05-23T13:04:18.430Z,2023-05-23T14:07:00.000Z,TOAR_(TORILIS ARVENSIS),TOAR_(TORILIS ARVENSIS),,5,,
c5261ef3-db17-4c4b-ba57-e2ddd9016575,68808c09-8ac2-4869-bbc2-5538846dbc59,2023-05-23T13:02:56.471Z,2023-05-23T14:06:58.000Z,SOHA_(SORGHUM HALEPENSE),SOHA_(SORGHUM HALEPENSE),,13,,
c5261ef3-db17-4c4b-ba57-e2ddd9016575,94ccf234-7afe-40d5-a05e-6c58417140a9,2023-05-23T13:02:08.409Z,2023-05-23T14:06:56.000Z,SPCO_(SPOROBOLUS COMPOSITUS),SPCO_(SPOROBOLUS COMPOSITUS),,8,,
c5261ef3-db17-4c4b-ba57-e2ddd9016575,6f0d0847-80b9-4e03-8d6a-ef53fb6167db,2023-05-23T12:59:57.930Z,2023-05-23T14:06:55.000Z,MOCI_(MONARDA CITRIODORA),MOCI_(MONARDA CITRIODORA),,10,,
c5261ef3-db17-4c4b-ba57-e2ddd9016575,8391b69d-8738-4bb5-938c-596cedd25a2a,2023-05-23T12:59:06.553Z,2023-05-23T14:06:54.000Z,AMTR_(AMBROSIA TRIFIDA),AMTR_(AMBROSIA TRIFIDA),,50,,
2316375c-bd41-42db-80fe-19ae5c761281,1b9c8d2d-c5f4-415b-b882-3506ccbdc21e,2023-05-23T12:55:47.410Z,2023-05-23T14:06:49.000Z,RUTR_(RUBUS TRIVIALIS),RUTR_(RUBUS TRIVIALIS),,8,,
2316375c-bd41-42db-80fe-19ae5c761281,7567f0e9-1deb-49ea-bc1c-249f109e398a,2023-05-23T12:54:52.400Z,2023-05-23T14:06:48.000Z,TOAR_(TORILIS ARVENSIS),TOAR_(TORILIS ARVENSIS),,8,,
2316375c-bd41-42db-80fe-19ae5c761281,895222ae-8787-42f2-a917-1d5081e08d3e,2023-05-23T12:52:38.733Z,2023-05-23T14:06:46.000Z,SCSC_(SCHIZACHYRIUM SCOPARIUM),SCSC_(SCHIZACHYRIUM SCOPARIUM),,25,,
2316375c-bd41-42db-80fe-19ae5c761281,2e6317ea-dbfd-4527-bd68-7af3dd59387f,2023-05-23T12:51:06.127Z,2023-05-23T14:06:43.000Z,MOCI_(MONARDA CITRIODORA),MOCI_(MONARDA CITRIODORA),,2,,
2316375c-bd41-42db-80fe-19ae5c761281,d8d72e8c-6f42-4283-b1e1-c5e72cf0b5f5,2023-05-23T12:50:08.764Z,2023-05-23T14:06:42.000Z,TRBR_(TRAGIA BREVISPICA),TRBR_(TRAGIA BREVISPICA),,7,,
2316375c-bd41-42db-80fe-19ae5c761281,9e4d0aa7-c4a2-4830-9ba8-fedb536b1afa,2023-05-23T12:49:17.311Z,2023-05-23T14:06:41.000Z,COCA_(COCCULUS CAROLINUS),COCA_(COCCULUS CAROLINUS),,30,,
2316375c-bd41-42db-80fe-19ae5c761281,c7851305-9b4b-4f21-9eaa-86891fa00f95,2023-05-23T12:48:04.753Z,2023-05-23T14:06:39.000Z,GATE_(GALIUM TEXENSE),GATE_(GALIUM TEXENSE),,30,,
2316375c-bd41-42db-80fe-19ae5c761281,2ecb4aba-7775-4f27-8d1a-fa2222cb0e29,2023-05-23T12:46:15.193Z,2023-05-23T14:06:37.000Z,AMTR_(AMBROSIA TRIFIDA),AMTR_(AMBROSIA TRIFIDA),,35,,
da873470-ee73-4ebe-b328-db886aa6c0b4,37dbc5f9-4d5c-4738-94ec-1f52299fd99c,2023-05-23T12:42:09.025Z,2023-05-23T14:06:34.000Z,MIPL_(MIMOSA QUADRIVALVIS var. PLATYCARPA),MIPL_(MIMOSA QUADRIVALVIS var. PLATYCARPA),,6,,
da873470-ee73-4ebe-b328-db886aa6c0b4,e3e5d473-800b-48c1-8444-4c6b4eba0044,2023-05-23T12:41:49.142Z,2023-05-23T14:06:31.000Z,PONU_(POLYTAENIA NUTTALLII),PONU_(POLYTAENIA NUTTALLII),,7,,
da873470-ee73-4ebe-b328-db886aa6c0b4,cfe32aa8-a01c-4613-a489-ef2a80b5c617,2023-05-23T12:39:23.200Z,2023-05-23T14:06:30.000Z,SCSC_(SCHIZACHYRIUM SCOPARIUM),SCSC_(SCHIZACHYRIUM SCOPARIUM),,25,,
da873470-ee73-4ebe-b328-db886aa6c0b4,c93cf5e6-1e8c-40be-96a6-f672e6ec63db,2023-05-23T12:38:26.797Z,2023-05-23T14:06:29.000Z,SONU_(SORGHASTRUM NUTANS),SONU_(SORGHASTRUM NUTANS),,25,,
da873470-ee73-4ebe-b328-db886aa6c0b4,248b94fd-4c28-4175-a91c-f674657525a8,2023-05-23T12:37:07.219Z,2023-05-23T14:06:27.000Z,COCA_(COCCULUS CAROLINUS),COCA_(COCCULUS CAROLINUS),,35,,
da873470-ee73-4ebe-b328-db886aa6c0b4,b847e95b-45c5-4ca0-828c-da0159e863a6,2023-05-23T12:35:55.736Z,2023-05-23T14:06:25.000Z,BRJA_(BROMUS JAPONICUS),BRJA_(BROMUS JAPONICUS),,20,,
da873470-ee73-4ebe-b328-db886aa6c0b4,a84a549b-e7d5-42c6-8844-7db733f97970,2023-05-23T12:34:43.317Z,2023-05-23T14:06:23.000Z,AMTR_(AMBROSIA TRIFIDA),AMTR_(AMBROSIA TRIFIDA),,3,,
da873470-ee73-4ebe-b328-db886aa6c0b4,03fe4870-32f0-473e-a52f-fe92be430de3,2023-05-23T12:34:13.329Z,2023-05-23T14:06:22.000Z,TOAR_(TORILIS ARVENSIS),TOAR_(TORILIS ARVENSIS),,7,,
53a6cb93-dadb-48b6-a5e9-0bfbe280b052,32948a36-77ee-492b-9f44-b9146a654b93,2023-05-23T12:20:39.000Z,2023-05-23T12:33:20.000Z,PONU_(POLYTAENIA NUTTALLII),PONU_(POLYTAENIA NUTTALLII),,2,,
53a6cb93-dadb-48b6-a5e9-0bfbe280b052,8606ae37-8790-421b-ade9-5a3b33755026,2023-05-23T12:19:51.000Z,2023-05-23T12:33:18.000Z,MIPL_(MIMOSA QUADRIVALVIS var. PLATYCARPA),MIPL_(MIMOSA QUADRIVALVIS var. PLATYCARPA),,3,,
53a6cb93-dadb-48b6-a5e9-0bfbe280b052,58c2e04b-3237-4dbe-854b-a9c322468b2a,2023-05-23T12:17:35.000Z,2023-05-23T12:33:16.000Z,SOHA_(SORGHUM HALEPENSE),SOHA_(SORGHUM HALEPENSE),,3,,
53a6cb93-dadb-48b6-a5e9-0bfbe280b052,ab9942bc-f307-4453-a1a0-9fff7078697e,2023-05-23T12:17:07.000Z,2023-05-23T12:33:10.000Z,SODI_(SOLANUM DIMIDIATUM),SODI_(SOLANUM DIMIDIATUM),,2,,
53a6cb93-dadb-48b6-a5e9-0bfbe280b052,3f649f22-30fa-4a15-b3e5-46e670338bf6,2023-05-23T12:15:56.000Z,2023-05-23T12:33:08.000Z,SAAZ_(SALVIA AZUREA),SAAZ_(SALVIA AZUREA),,6,,
53a6cb93-dadb-48b6-a5e9-0bfbe280b052,ad178aba-e047-40ce-823f-69a28076b564,2023-05-23T12:13:08.000Z,2023-05-23T12:33:06.000Z,COCA_(COCCULUS CAROLINUS),COCA_(COCCULUS CAROLINUS),,15,,
53a6cb93-dadb-48b6-a5e9-0bfbe280b052,72274bef-1f5e-4f69-a64f-d6a8cce0e45b,2023-05-23T12:11:43.000Z,2023-05-23T12:33:04.000Z,SONU_(SORGHASTRUM NUTANS),SONU_(SORGHASTRUM NUTANS),,30,,
53a6cb93-dadb-48b6-a5e9-0bfbe280b052,fbd0220b-66bb-4a3c-9090-15bba7662883,2023-05-23T12:11:19.000Z,2023-05-23T12:33:02.000Z,AMTR_(AMBROSIA TRIFIDA),AMTR_(AMBROSIA TRIFIDA),,25,,
53a6cb93-dadb-48b6-a5e9-0bfbe280b052,1e1da36b-afd6-4b90-bc11-c375745b4e32,2023-05-23T12:11:01.000Z,2023-05-23T12:33:00.000Z,SCSC_(SCHIZACHYRIUM SCOPARIUM),SCSC_(SCHIZACHYRIUM SCOPARIUM),,40,,
