,,,,,,,,,,,,,,,,isotope packing,,,,,,,
position,Box #,col_a-g,row_1-7,site,plot,trt,taxon,rep,multi_envelope,extra_envelope,vial ID / sample ID,extra needed?,Notes,who,ground,uc davis weight ideal,weight,plate,well id,comment_isotope,comment_minig,comment_problems,why
1,1,A,1,temple,28,npk,SCSC,2,010,,multi_tmpl_28_npk_SCSC_02_010,no,"all smpl used, no need for extra",hg,yes,,,1,A1,,,multi_tmpl_01_ctl_PAPE_02_081,no sample
2,1,B,1,temple,28,npk,SCSC,1,007,,multi_tmpl_28_npk_SCSC_01_007_hard,no,"all smpl used, no need for extra",hg,yes,,,1,A2,,,,
3,1,C,1,temple,28,npk,COCA,2,022,,multi_tmpl_28_npk_COCA_02_022,added,"all smpl used, extra used",hg,yes,,,1,A3,,,,
4,1,D,1,temple,28,npk,COCA,1,019,,multi_tmpl_28_npk_COCA_01_019_hard,no,"all smpl used, no need for extra",hg,yes,,,1,A4,,,,
5,1,E,1,temple,28,npk,AMTR,2,016,,multi_tmpl_28_npk_AMTR_02_016,no,,hg,yes,,,1,A5,,,,
6,1,F,1,temple,28,npk,AMTR,1,013,,multi_tmpl_28_npk_AMTR_01_013_hard,no,,hg,yes,,,1,A6,,,,
7,1,G,1,temple,18,npk,SCSC,2,010,,multi_tmpl_18_npk_SCSC_02_010,added,"all smpl used, extra added",hg,yes,,,1,A7,,,,
8,1,A,2,temple,11,ctl,TOAR,2,028,,multi_tmpl_11_ctl_TOAR_02_028,added,"all smpl used, all extra used",hg,yes,,,1,A8,,,,
9,1,B,2,temple,1,ctl,COCA,1,072,,multi_tmpl_01_ctl_COCA_01_072_hard,no,all smpl used,hg,yes,,,1,A9,,,,
10,1,C,2,temple,1,ctl,COER,1,095,,multi_tmpl_01_ctl_COER_01_095,no,all smpl used,hg,yes,,,1,A10,,,,
11,1,D,2,temple,1,ctl,COER,2,098,,multi_tmpl_01_ctl_COER_02_098,no,all smpl used,hg,yes,,,1,A11,,,,
12,1,E,2,temple,21,ctl,SCSC,1,007,,multi_tmpl_21_ctl_SCSC_01_007_hard,no,all smpl used,hg,yes,,,1,A12,,,,
13,1,F,2,temple,21,ctl,SCSC,2,010,,multi_tmpl_21_ctl_SCSC_02_010,no,all smpl used,hg,yes,,,1,B1,,,,
14,1,G,2,temple,21,ctl,SOHA,1,001,,multi_tmpl_21_ctl_SOHA_01_001_hard,no,,hg,yes,,,1,B2,,,,
15,1,A,3,temple,21,ctl,SOHA,2,004,,multi_tmpl_21_ctl_SOHA_02_004,no,,hg,yes,,,1,B3,,,,
16,1,B,3,temple,21,ctl,TOAR,1,025,,multi_tmpl_21_ctl_TOAR_01_025_hard,added,"all smpl used, all extra used",hg,yes,,,1,B4,,,,
17,1,C,3,temple,21,ctl,TOAR,2,028,,multi_tmpl_21_ctl_TOAR_02_028,added,"all smpl used, all extra used",hg,yes,,,1,B5,,,,
18,1,D,3,temple,8,npk,TOAR,1,001,,multi_tmpl_08_npk_TOAR_01_001_hard,added,"all smpl used, all extra used",hg,yes,,,1,B6,,,,
19,1,E,3,temple,11,ctl,PSTE,2,040,,multi_tmpl_11_ctl_PSTE_02_040,added,"all smpl used, all extra used",hg,yes,,,1,B7,,,,
20,1,F,3,temple,11,ctl,SOHA,1,001,,mutli_tmpl_11_ctl_SOHA_01_001_hard,no,,hg,yes,,,1,B8,,,,
21,1,G,3,temple,28,npk,SOHA,1,003,,multi_tmpl_28_npk_SOHA_01_003_hard,no,,hg,yes,,,1,B9,,,,
22,1,A,4,temple,18,npk,AMTR,2,016,,multi_tmpl_18_npk_AMTR_02_016,no,,hg,yes,,,1,B10,,,,
23,1,B,4,temple,18,npk,AMTR,1,015,,multi_tmpl_18_npk_AMTR_01_015_hard,no,,hg,yes,,,1,B11,,,,
24,1,C,4,temple,1,ctl,TRBR,3,054,,multi_tmpl_01_ctl_TRBR_03_054,added,"all smpl used, all extra used",hg,yes,,,1,B12,,,,
25,1,D,4,temple,18,npk,GATE,1,031,,multi_tmpl_18_npk_GATE_01_031,added,"all smpl used, all extra used",hg,yes,,,1,C1,,,,
26,1,E,4,temple,18,npk,MIPL,4,046,,multi_tmpl_18_npk_MIPL_04_046,no,,hg,yes,,,1,C2,,,,
27,1,F,4,temple,18,npk,COCA,2,022,,multi_tmpl_18_npk_COCA_02_022,added,"all smpl used, extra used",hg,yes,,,1,C3,,,,
28,1,G,4,temple,18,npk,MIPL,3,043,,multi_tmpl_18_npk_MIPL_03_043,added,"all smpl used, extra used",hg,yes,,,1,C4,,,,
29,1,A,5,temple,1,ctl,AMTR,4,069,,multi_tmpl_01_ctl_AMTR_04_069_hard,no,,hg,yes,,,1,C5,,,,
30,1,B,5,temple,1,ctl,2PGATE,2,107,109,multi_tmpl_01_ctl_2PGATE_02_107,added,"all smpl used, all extra added",hg,yes,,,1,C6,,,,
31,1,C,5,temple,1,ctl,AMTR,1,003,,multi_tmpl_01_ctl_AMTR_01_003,no,,hg,yes,,,1,C7,,,,
32,1,D,5,temple,1,ctl,TRBR,1,048,,multi_tmpl_01_ctl_TRBR_01_048,added,"all smpl used, used extra",hg,yes,,,1,C8,,,,
33,1,E,5,temple,1,ctl,TOAR,2,045,,multi_tmpl_01_ctl_TOAR_02_045,no,all smpl used,hg,yes,,,1,C9,,,,
34,1,F,5,temple,1,ctl,TOAR,1,006,,multi_tmpl_01_ctl_TOAR_01_006_hard,added,"all smpl used, extra used",hg,yes,,,1,C10,,,,
35,1,G,5,temple,28,npk,TOAR,1,025,,multi_tmpl_28_npk_TOAR_01_025_hard,added,"all smpl used, all exta useed",hg,yes,,,1,C11,,,,
36,1,A,6,temple,1,ctl,SPCO,2,033,,multi_tmpl_01_ctl_SPCO_02_033,no,brown spots (burnt??),hg,yes,,,1,C12,,,,
37,1,B,6,temple,1,ctl,SOHA,1,066,,multi_tmpl_01_ctl_SOHA_01_066_hard,no,,hg,yes,,,1,D1,,,,
38,1,C,6,temple,18,bpk,SCSC,1,007,,multi_tmpl_18_bpk_SCSC_01_007_hard,no,"all smpl used, no need for extra",hg,yes,,,1,D2,,,,
39,1,D,6,temple,1,ctl,SOHA,2,063,,multi_tmpl_01_ctl_SOHA_02_063_soft,no,brown spots (burnt??),hg,yes,,,1,D3,,,,
40,1,E,6,temple,1,ctl,SPCO,1,030,,multi_tmpl_01_ctl_SPCO_01_030,no,,hg,yes,,,1,D4,,,,
41,1,F,6,temple,21,ctl,MIPL,4,046,,multi_tmpl_21_ctl_MIPL_04_046,added,"all smpl used, used extra",hg,yes,,,1,D5,,,,
42,1,G,6,temple,21,ctl,MIPL,2,040,,multi_tmpl_21_ctl_MIPL_02_040,added,"all smpl ussed, used extra",hg,yes,,,1,D6,,,,
43,1,A,7,temple,21,ctl,MIPL,3,043,,multi_tmpl_21_ctl_MIPL_03_043,added,"all smpl used, used extra",hg,yes,,,1,D7,,,,
44,1,B,7,temple,1,ctl,SCSC,4,075,,multi_tmpl_01_ctl_SCSC_04_075_hard,no,"all smpl used, no need for extra",hg,yes,,,1,D8,,,,
45,1,C,7,temple,1,ctl,SCSC,3,018,,multi_tmpl_01_ctl_SCSC_03_018,no,"all smpl used, no need for extra",hg,yes,,,1,D9,,,,
46,1,D,7,temple,1,ctl,SCSC,2,015,,multi_tmpl_01_ctl_SCSC_02_015,no,"all smpl used, no need for extra",hg,yes,,,1,D10,,,,
47,1,E,7,temple,1,ctl,SCSC,NA,012,,multi_tmpl_01_ctl_SCSC_NA_012_hard,no,"all smpl used, no need for extra, rep # discrepancy",hg,yes,,,1,D11,,,,
48,1,F,7,temple,1,ctl,AMTR,2,006,,multi_tmpl_01_ctl_AMTR_02_006,no,,hg,yes,,,1,D12,,,,
49,1,G,7,temple,18,npk,MIPL,1,037,,multi_tmpl_18_npk_MIPL_01_037,added,"all smpl used, extra added",hg,yes,,,1,E1,,,,
50,2,A,1,temple,18,npk,GATE,2,034,,multi_tmpl_18_npk_GATE_02_034,added,"all smpl used, all extra added",hg,yes,,,1,E2,,,,
51,2,B,1,temple,1,ctl,PAPE,1,078,,multi_tmpl_01_ctl_PAPE_01_078,added,"all smpl used, all extra added",hg,yes,,,1,E3,,,,
52,2,C,1,temple,18,npk,COCA,1,019,,multi_tmpl_18_npk_COCA_01_019_hard,no,"all smpl used, no need for extra",hg,yes,,,1,E4,,,,
53,2,D,1,temple,21,ctl,GAPU,1,031,,multi_tmpl_21_ctl_GAPU_01_031,added,"all smpl used, all extra added",hg,yes,,,1,E5,,,,
54,2,E,1,temple,1,ctl,2PGATE,1,110,,multi_tmpl_01_ctl_2PGATE_01_110,added,"all smpl used, all extra added",hg,yes,,,1,E6,,,,
55,2,F,1,temple,1,ctl,EUPBA,1,113,,multi_tmpl_01_ctl_EUPBA_01_113,added,"all smpl used, all extra added",hg,yes,,,1,E7,,,,
56,2,G,1,temple,1,ctl,EUPBA,2,116,,multi_tmpl_01_ctl_EUPBA_02_116,added,"all smpl used, all extra added",hg,yes,,,1,E8,,,,
57,2,A,2,temple,1,ctl,GAPU,1,101,,multi_tmpl_01_ctl_GAPU_01_101,added,"all smpl used, all extra added",hg,yes,,,1,E9,,,,
58,2,B,2,temple,1,ctl,GAPU,2,104,,multi_tmpl_01_ctl_GAPU_02_104,added,"all smpl used, extra added",hg,yes,,,1,E10,,,,
59,2,C,2,temple,1,ctl,RUTR,2,024,,multi_tmpl_01_ctl_RUTR_02_024,no,,hg,yes,,,1,E11,,,,
60,2,D,2,temple,28,npk,TOAR,2,028,,multi_tmpl_28_npk_TOAR_02_028,added,"all smpl used, all extra added",hg,yes,,,1,E12,,,,
61,2,E,2,temple,1,ctl,EUDE,1,039,,multi_tmpl_01_ctl_EUDE_01_039,added,"all smpl used, all extra added",hg,yes,,,1,F1,,,,
62,2,F,2,temple,1,ctl,GATE,1,084,,multi_tmpl_01_ctl_GATE_01_084,added,"all smpl used, all extra added",hg,yes,,,1,F2,,,,
63,2,G,2,temple,1,ctl,GATE,2,087,,multi_tmpl_01_ctl_GATE_02_087,added,"all smpl used, all extra added",hg,yes,,,1,F3,,,,
64,2,A,3,temple,1,ctl,GRASS,1,119,,multi_tmpl_01_ctl_GRASS_01_119,no,"all smpl used, no need for extra",hg,yes,,,1,F4,,,,
65,2,B,3,temple,1,ctl,GRASS,2,122,,multi_tmpl_01_ctl_GRASS_02_122,no,"all smpl used, no need for extra",hg,yes,,,1,F5,,,,
66,2,C,3,temple,1,ctl,MOCI,1,057,,multi_tmpl_01_ctl_MOCI_01_057,added,"all smpl used, all extra used",hg,yes,,,1,F6,,,,
67,2,D,3,temple,1,ctl,MOCI,2,060,,multi_tmpl_01_ctl_MOCI_02_060,no,"all smpl used, no need for extra",hg,yes,,,1,F7,,,,
68,2,E,3,temple,1,ctl,AMTR,3,009,,multi_tmpl_01_ctl_AMTR_03_009,no,,hg,yes,,,1,F8,,,,
69,2,F,3,temple,1,ctl,RUTR,3,027,,multi_tmpl_01_ctl_RUTR_03_027,no,,hg,yes,,,1,F9,,,,
70,2,G,3,temple,11,ctl,AMTR,2,010,,multi_tmpl_11_ctl_AMTR_02_010,no,,hg,yes,,,1,F10,,,,
71,2,A,4,temple,11,ctl,SOHA,2,004,,multi_tmpl_11_ctl_SOHA_02_004,no,,hg,yes,,,1,F11,,,,
72,2,B,4,temple,11,ctl,PSTE,1,037,,multi_tmpl_11_ctl_PSTE_01_037,added,"all smpl used, all extra used",hg,yes,,,1,F12,,,,
73,2,C,4,temple,11,ctl,MOCI,2,034,,multi_tmpl_11_ctl_MOCI_02_034,added,"all smpl used, extra used",hg,yes,,,1,G1,,,,
74,2,D,4,temple,11,ctl,SONU,1,043,,multi_tmpl_11_ctl_SONU_01_043,no,,hg,yes,,,1,G2,,,,
75,2,E,4,temple,11,ctl,SCSC,1,013,,multi_tmpl_11_ctl_SCSC_01_013_hard,no,,hg,yes,,,1,G3,,,,
76,2,F,4,temple,11,ctl,TOAR,1,025,,multi_tmpl_11_ctl_TOAR_01_025_hard,added,"all smpl used, all extra used",hg,yes,,,1,G4,,,,
77,2,G,4,temple,11,ctl,SONU,2,046,,multi_tmpl_11_ctl_SONU_02_046,no,,hg,yes,,,1,G5,,,,
78,2,A,5,temple,21,ctl,AMTR,1,016,,multi_tmpl_21_ctl_AMTR_01_016,no,,hg,yes,,,1,G6,,,,
79,2,B,5,temple,21,ctl,COCA,2,022,,multi_tmpl_21_ctl_COCA_02_022,added,"all smpl used, extra added",hg,yes,,,1,G7,,,,
80,2,C,5,temple,8,npk,COCA,2,028,,multi_tmpl_08_npk_COCA_02_028,added,"all smpl used, extra added",hg,yes,,,1,G8,,,,
81,2,D,5,temple,11,ctl,COCA,2,022,,multi_tmpl_11_ctl_COCA_02_022,added,"all smpl used, extra added",hg,yes,,,1,G9,,,,
82,2,E,5,temple,8,npk,MOCI,1,031,,multi_tmpl_08_npk_MOCI_01_031,added,"all smpl used, all extra used",hg,yes,,,1,G10,,,,
83,2,F,5,temple,8,npk,MOCI,2,034,,multi_tmpl_08_npk_MOCI_02_034,added,"all smpl used, all extra used",hg,yes,,,1,G11,,,,
84,2,G,5,temple,8,npk,PAPE,1,037,,multi_tmpl_08_npk_PAPE_01_037,added,"all smpl used, all extra used",hg,yes,,,1,G12,,,,
85,2,A,6,temple,8,npk,SCSC,1,013,,multi_tmpl_08_npk_SCSC_01_013_hard,no,"all smpl used, no need for extra",hg,yes,,,1,H1,,,,
86,2,B,6,temple,8,npk,SCSC,2,016,,multi_tmpl_08_npk_SCSC_02_016,no,"all smpl used, no need for extra",hg,yes,,,1,H2,,,,
87,2,C,6,temple,8,npk,SOHA,1,007,,multi_tmpl_08_npk_SOHA_01_007_hard,no,,hg,yes,,,1,H3,,,,
88,2,D,6,temple,1,ctl,RUTR,1,021,,multi_tmpl_01_ctl_RUTR_01_021 ,no,,hg,yes,,,1,H4,,,,
89,2,E,6,temple,1,ctl,PHMO,2,128,,multi_tmpl_01_ctl_PHMO_02_128,added,"all smpl used, extra used",hg,yes,,,1,H5,,,,
90,2,F,6,temple,1,ctl,PHMO,1,125,,multi_tmpl_01_ctl_PHMO_01_125,added,"all smpl used, all extra useed",hg,yes,,,1,H6,,,,
91,2,G,6,temple,1,ctl,MIPL,2,040,,multi_tmpl_01_ctl_MIPL_02_040,no,,hg,yes,,,1,H7,,,,
92,2,A,7,temple,1,ctl,CIEN,1,089,,multi_tmpl_01_ctl_CIEN_01_089,,velvet-like tissue; will not grind well,hg,yes,,,1,H8,,issue?,,
93,2,B,7,temple,1,ctl,CIEN,2,092,,multi_tmpl_01_ctl_CIEN_02_092,,velvet-like tissue; will not grind well,hg,yes,,,1,H9,,issue?,,
94,2,C,7,temple,8,npk,AMTR,1,019,,multi_tmpl_08_npk_AMTR_01_019_hard,no,,hg,yes,,,1,H10,,,,
95,2,D,7,temple,8,npk,COCA,1,025,,multi_tmpl_08_npk_COCA_01_025_hard,added,"all smpl used, extra added",hg,yes,,,1,H11,,,,
96,2,E,7,temple,11,ctl,MOCI,1,031,,multi_tmpl_11_ctl_MOCI_01_031,added,"all smpl used, all extra used",hg,yes,,,1,H12,,,,
97,2,F,7,temple,21,ctl,AMTR,1,013,,multi_tmpl_21_ctl_AMTR_01_013_hard,no,"all smpl used, no need for extra",hg,yes,,,2,A1,,,,
98,2,G,7,temple,11,ctl,COCA,1,019,021,multi_tmpl_11_ctl_COCA_01_019_hard,added,"all smpl used, all extra used",hg,yes,,,2,A2,,,,
99,3,A,1,temple,11,ctrl,COCA,1,019,,mutli_tmple_11_ctrl_COCA_01_019_NEWHARD,added,"all smpl used, extra added",hg,yes,,,2,A3,,,,
100,3,B,1,temple,18,npk,TOAR,1,025,027,multi_tmpl_18_npk_TOAR_01_025_hard,added,"all smpl used, all extra used",hg,yes,,,2,A4,,,,
101,3,C,1,temple,8,npk,AMTR,2,022,,multi_tmpl_08_npk_AMTR_02_022,no,,hg,yes,,,2,A5,,,,
102,3,D,1,temple,21,ctrl,COCA,1,019,021,multi_tmpl_21_ctrl_COCA_01_019,added,"all smpl used, all extra used",mk,yes,,,2,A6,,,,
103,3,E,1,temple,8,npk,PAPE,2,040,042,multi_tmpl_08_npk_PAPE_02_040,added,"all smpl used, all extra used",mk,yes,,,2,A7,,do PAPE in miniG,,
104,3,F,1,temple,18,npk,TOAR,2,028,,multi_tmpl_18_npk_TOAR_02_028,added,"all smpl used, extra added",mk,yes,,,2,A8,,do TOAR in miniG,,
105,3,G,1,temple,21,ctl,MIPL,1,037,039,multi_tmpl_21_ctl_MIPL_01_037,added,"all smpl used, all extra added",hg,yes,,,2,A9,,,,
106,3,A,2,temple,21,ctrl,GAPU,2,034,036,multi_tmpl_21_ctrl_GAPU_02_034,added,"all smpl used, all extra added",mk,yes,,,2,A10,,,,
107,3,B,2,temple,8,npk,TOAR,2,004,006,multi_tmpl_08_npk_TOAR_02_004,added,"all smpl used, most extra added",hg,yes,,,2,A11,,,,
108,3,C,2,temple,1,ctl,TRBR,2,051,,multi_tmpl_01_ctl_TRBR_02_051,added,"all smpl used, all extra added",mk,yes,,,2,A12,,,,
109,3,D,2,temple,18,npk,SOHA,2,004,,multi_tmpl_18_npk_SOHA_02_004,no,all smpl used,mk,yes,,,2,B1,,,,
110,3,E,2,temple,11,ctl,SCSC,2,016,018,multi_tmpl_11_ctl_SCSC_02_016,added,"all smpl used, all extra used",mk,yes,,,2,B2,,,,
111,3,F,2,temple,8,npk,SOHA,2,010,,multi_tmpl_08_npk_SOHA_02_010,no,all smpl used,mk,yes,,,2,B3,,,,
112,3,G,2,temple,28,npk,SOHA,2,004,,multi_tmpl_28_npk_SOHA_02_004,no,all smpl used,mk,yes,,,2,B4,,,,
113,3,A,3,temple,11,ctl,AMTR,1,007,,multi_tmpl_11_ctl_AMTR_01_007_hard,no,all smpl used ,hg,yes,,,2,B5,,,,
114,3,B,3,temple,18,npk,SOHA,1,001,,multi_tmpl_18_npk_SOHA_01_001_hard,no,all smpl used,mk,yes,,,2,B6,,,,
115,3,C,3,lubb,27,npk,PRGL2,3,150,152,multi_lubb_27_npk_PRGL2_03_150_hard,no,,hg,yes,,,2,B7,,,,
116,3,D,3,lubb,27,npk,PRGL2,4,151,153,multi_lubb_27_npk_PRGL2_04_151_hard,no,,hg,yes,,,2,B8,,,,
117,3,E,3,lubb,27,npk,PRGL2,2,036,038,multi_lubb_27_npk_PRGL2_02_036_hard,added,"all smpl used, extra added",hg,yes,,,2,B9,,,,
118,3,F,3,lubb,28,ctl,PRGL2,2,051,053,multi_lubb_28_ctl_PRGL2_02_051_hard,no,all smpl used,hg,yes,,,2,B10,,,,
119,3,G,3,lubb,8,ctl,PRGL2,2,146,144,multi_lubb_08_ctl_PRGL2_02_146_hard,no,,hg,yes,,,2,B11,,,,
120,3,A,4,lubb,37,ctl,PRGL2,3,141,142,multi_lubb_37_ctl_PRGL2_03_141_hard,no,,hg,yes,,,2,B12,,,,
121,3,B,4,lubb,37,ctl,PRGL2,2,087,089,multi_lubb_37_ctl_PRGL2_02_087_hard,no,,hg,yes,,,2,C1,,,,
122,3,C,4,lubb,27,npk,PRGL2,1,126,128,multi_lubb_27_npk_PRGL2_01_126,added,"all smpl used, all extra added",hg,yes,,,2,C2,,,,
123,3,D,4,lubb,28,ctl,PRGL2,1,120,122,multi_lubb_28_ctl_PRGL2_01_120,no,,hg,yes,,,2,C3,,,,
124,3,E,4,lubb,8,ctl,PRGL2,7,178,180,multi_lubb_08_ctl_PRGL2_07_178_hard,added,"all smpl used, extra added",hg,yes,,,2,C4,,,,
125,3,F,4,lubb,27,npk,PRGL2,5,172,174,multi_lubb_27_npk_PRGL2_05_172_hard,added,"all smpl used, extra added",hg,yes,,,2,C5,,,,
126,3,G,4,lubb,8,ctl,PRGL2,8,181,183,multi_lubb_08_ctl_PRGL2_08_181_hard,no,all smpl used,hg,yes,,,2,C6,,,,
127,3,A,5,lubb,8,ctl,PRGL2,9,184,186,multi_lubb_08_ctl_PRGL2_09_184,added,"all smpl used, extra added",hg,yes,,,2,C7,,,,
128,3,B,5,lubb,27,npk,PRGL2,6,175,177,multi_lubb_27_npk_PRGL2_06_175_hard,no,all smpl used,hg,yes,,,2,C8,,,,
129,3,C,5,lubb,8,ctl,ARHUH,1,166,168,multi_lubb_08_ctr_ARHUH_01_166,added,"all smpl used, extra added",mk,yes,,,2,C9,,,,
130,3,D,5,lubb,8,ctl,ARHUH,2,169,171,multi_lubb_08_ctl_arhuh_02_169,added,"all smpl used, extra added",mk,yes,,,2,C10,,,,
131,3,E,5,lubb,5,npk,BOGR2,1,160,162,multi_lubb_05_npk_bogr2_01_160,added,"all smpl used, extra added",mk,yes,,,2,C11,,,,
132,3,F,5,lubb,5,npk,BOGR2,2,012,014,multi_lubb_05_npk_bogr2_02_012_hard,added,"all smpl used, extra added",mk,yes,,,2,C12,,,,
133,3,G,5,lubb,8,ctl,BOGR2,1,163,165,multi_lubb_05_npk_bogr2_01_163,added,"all smpl used, extra added",mk,yes,,,2,D1,,,,
134,3,A,6,lubb,8,ctl,BOGR2,2,027,029,multi_lubb_08_ctl_bogr2_02_027_hard,added,"all smpl used, all extra added",mk,yes,,,2,D2,,,,
135,3,B,6,lubb,27,npk,BOGR2,1,135,137,multi_lubb_27_npk_bogr2_01_135,added,"all smply used, extra added",mk,yes,,,2,D3,,,,
136,3,C,6,lubb,27,npk,BOGR2,2,042,044,multi_lubb_27_npk_bogr2_02_042_hard,added,"all smpl used, all extra added",mk,yes,,,2,D4,,,,
137,3,D,6,lubb,28,ctl,BOGR2,2,057,059,multi_lubb_28_ctl_bogr2_01_057_hard,added,"all smpl used, all extra added, rep # discrepancy",mk,yes,,,2,D5,,,,
138,3,E,6,lubb,29,npk,BOGR2,2,066,068,multi_lubb_29_npk_bogr2_02_066_hard,added,"all smpl used, all extra added",mk,yes,,,2,D6,,,,
139,3,F,6,lubb,37,ctl,BOGR2,1,105,107,multi_lubb_37_ctl_bogr2_01_105,added,"all smpl used, all extra added, rep # discrepancy",mk,yes,,,2,D7,,,,
140,3,G,6,lubb,37,ctl,BOGR2,2,081,083,multi_lubb_37_ctl_bogr2_02_081_hard,added,"all smpl used, all extra added",mk,yes,,,2,D8,,,,
141,3,A,7,lubb,5,npk,CHIN2,1,154,156,multi_lubb_05_npk_chin2_01_154,no,all smpl used,mk,yes,,,2,D9,,,,
142,3,B,7,lubb,5,npk,CHIN2,2,000,002,multi_lubb_05_npk_chin2_02_000_hard,no,all smpl used,mk,yes,,,2,D10,,,,
143,3,C,7,lubb,8,ctl,CHIN2,1,138,140,multi_lubb_08_ctl_chin2_01_138,no,all smpl used,mk,yes,,,2,D11,,,,
144,3,D,7,lubb,8,ctl,CHIN2,2,015,017,multi_lubb_08_ctl_chin2_02_015_hard,no,all smpl used,mk,yes,,,2,D12,,,,
145,3,E,7,lubb,27,npk,CHIN2,1,123,125,multi_lubb_26_npk_chin2_01_123,no,all smpl used,mk,yes,,,2,E1,,,,
146,3,F,7,lubb,27,npk,CHIN2,2,030,032,multi_lubb_27_npk_chin2_02_030_hard,no,all smpl used,mk,yes,,,2,E2,,,,
147,3,G,7,lubb,28,ctl,CHIN2,1,117,119,multi_lubb_28_ctl_chin2_01_117,no,all smpl used,mk,yes,,,2,E3,,,,
148,4,A,1,lubb,28,ctl,CHIN2,2,045,047,multi_lubb_28_ctl_chin2_02_045_hard,no,all smpl used,mk,yes,,,2,E4,,,,
149,4,B,1,lubb,29,npk,CHIN2,1,108,110,multi_lubb_29_npk_chin2_01_108,no,all smpl used,mk,yes,,,2,E5,,,,
150,4,C,1,lubb,29,npk,CHIN2,2,060,062,multi_lubb_29_npk_chin2_02_060_hard,no,all smpl used,mk,yes,,,2,E6,,,,
151,4,D,1,lubb,37,ctl,CHIN2,1,090,092,multi_lubb_37_ctl_chin2_01_090,no,all smpl used,mk,yes,,,2,E7,,,,
152,4,E,1,lubb,37,ctl,CHIN2,2,075,077,multi_lubb_37_ctl_chin2_02_075_hard,added,"all smpl used, some extra added",mk,yes,,,2,E8,,,,
153,4,F,1,lubb,37,ctl,CHIN2,2,093,095,multi_lubb_37_ctl_chin2_02_093,added,"all smpl used, all extra added",mk,yes,,,2,E9,,,,
154,4,G,1,lubb,5,npk,SAKA,2,003,005,multi_lubb_05_npk_saka_02_003,added,"all smpl used, some extra added",mk,yes,,,2,E10,,,,
155,4,A,2,lubb,8,ctl,SAKA,1,222,224,multi_lubb_08_ctl_saka_01_222_hard,added,"all smpl used, all extra added",mk,yes,,,2,E11,,,,
156,4,B,2,lubb,8,ctl,SAKA,2,018,020,multi_lubb_08_ctl_saka_02_018_hard,added,"all smpl used, all extra added",mk,yes,,,2,E12,,,,
157,4,C,2,lubb,27,npk,SAKA,1,132,134,multi_lubb_27_npk_saka_01_132,added,"all smpl used, all extra added",mk,yes,,,2,F1,,,,
158,4,D,2,lubb,27,npk,SAKA,2,033,035,multi_lubb_27_npk_saka_02_033_hard,added,"all smpl used, some extra added",mk,yes,,,2,F2,,,,
159,4,E,2,lubb,28,ctl,SAKA,2,048,050,multi_lubb_28_ctl_saka_02_048_hard,added,"all smpl used, all extra added",mk,yes,,,2,F3,,,,
160,4,F,2,lubb,29,npk,SAKA,1,111,113,multi_lubb_29_npk_saka_01_111,added,"all smpl used, taxon old = hyod, some of extra added",mk,yes,,,2,F4,,,,
161,4,G,2,lubb,29,npk,SAKA,2,063,065,multi_lubb_29_npk_saka_02_063_hard,added,"all smpl used, all extra added",mk,yes,,,2,F5,,,,
162,4,A,3,lubb,37,ctl,SAKA,1,102,104,multi_lubb_37_ctl_saka_01_102,added,"all smpl used, most extra added",mk,yes,,,2,F6,,,,
163,4,B,3,lubb,37,ctl,SAKA,2,078,080,multi_lubb_37_ctl_saka_02_078_hard,added,"all smpl used, most extra added",mk,yes,,,2,F7,,,,
164,4,C,3,lubb,5,npk,SOEL,1,157,159,multi_lubb_05_npk_soel_01_157,no,all smpl used,mk,yes,,,2,F8,,,,
165,4,D,3,lubb,5,npk,SOEL,2,009,011,multi_lubb_05_npk_soel_02_009_hard,no,all smpl used,mk,yes,,,2,F9,,,,
166,4,E,3,lubb,8,ctl,SOEL,1,219,221,multi_lubb_08_ctl_soel_01_219,no,all smpl used,mk,yes,,,2,F10,,,,
167,4,F,3,lubb,8,ctl,SOEL,2,149,147,multi_lubb_08_ctl_soel_02_149_hard,no,all smpl used,mk,yes,,,2,F11,,,,
168,4,G,3,lubb,27,npk,SOEL,1,129,131,multi_lubb_27_npk_soel_01_129,no,all smpl used,mk,yes,,,2,F12,,,,
169,4,A,4,lubb,27,npk,SOEL,2,039,041,multi_lubb_27_npk_soel_02_039_hard,no,all smpl used,mk,yes,,,2,G1,,,,
170,4,B,4,lubb,28,ctl,SOEL,2,054,056,multi_lubb_28_ctl_soel_02_054_hard,no,all smpl used,mk,yes,,,2,G2,,,,
171,4,C,4,lubb,29,npk,SOEL,1,114,116,multi_lubb_29_npk_soel_01_114,no,all smpl used,mk,yes,,,2,G3,,,,
172,4,D,4,lubb,29,npk,SOEL,2,069,071,multi_lubb_29_npk_soel_02_069_hard,no,all smpl used,mk,yes,,,2,G4,,,,
173,4,E,4,lubb,37,ctl,SOEL,1,096,098,multi_lubb_37_ctl_soel_01_096,no,all smpl used,mk,yes,,,2,G5,,,,
174,4,F,4,lubb,37,ctl,SOEL,2,084,086,multi_lubb_37_ctl_soel_02_084_hard,no,all smpl used,mk,yes,,,2,G6,,,,
175,4,G,4,lubb,37,ctl,SOEL,2,099,101,multi_lubb_37_ctl_soel_02_099,no,tiny sample remains,mk,yes,,,2,G7,,,,
176,4,A,5,arch,8,npk,ARSE,1,331,333,multi_arch_08_npk_arse_01_331,no,all smply used,mk,yes,,,2,G8,,,,
177,4,B,5,arch,8,npk,ARSE,2,334,337,multi_arch_08_npk_arse_02_334,no,all smply used,mk,yes,,,2,G9,,,,
178,4,C,5,arch,11,ctl,ARSE,1,359,361,multi_arch_11_ctl_arse_01_359,no,all smply used,mk,yes,,,2,G10,,,,
179,4,D,5,arch,11,ctl,ARSE,2,362,364,multi_arch_11_ctl_arse_02_362,no,all smply used,mk,yes,,,2,G11,,,,
180,4,E,5,arch,18,ctl,ASRE,1,398,400,multi_arch_18_npk_arse_01_398,no,all smply used,mk,yes,,,2,G12,,,,
181,4,F,5,arch,18,ctl,ASRE,2,401,403,multi_arch_18_npk_arse_02_401,no,all smply used,mk,yes,,,2,H1,,,,
182,4,G,5,arch,21,ctl,CARPH,1,419,421,multi_arch_21_ctl_carph_01_419,no,all smply used,mk,yes,,,2,H2,,,,
183,4,A,6,arch,21,ctl,CARPH,2,422,424,multi_arch_21_ctl_carph_02_422,no,all smply used,mk,yes,,,2,H3,,,,
184,4,B,6,arch,1,ctl,DICHA,1,193,192,multi_arch_01_ctl_dicha_01_193_hard,added,"all smply used, some extra used",mk,yes,,,2,H4,,,,
185,4,C,6,arch,1,ctl,DICHA,2,301,303,multi_arch_01_ctl_dicha_02_301,added,"all smply used, some extra used",mk,yes,,,2,H5,,,,
186,4,D,6,arch,8,npk,DICHA,1,232,218,multi_arch_08_npk_dicha_01_232_hard,added,"all smply used, some extra used",mk,yes,,,2,H6,,,,
187,4,E,6,arch,8,npk,DICHA,2,328,330,multi_arch_08_npk_dicha_02_328,added,"all smply used, some extra used",mk,yes,,,2,H7,,,,
188,4,F,6,arch,11,ctl,DICHA,1,205,203,multi_arch_11_ctl_dicha_01_205_hard,added,"all smply used, some extra used",mk,yes,,,2,H8,,,,
189,4,G,6,arch,11,ctl,DICHA,2,356,358,multi_arch_11_ctl_dicha_02_356,added,"all smply used, some extra used",mk,yes,,,2,H9,,,,
190,4,A,7,arch,11,ctl,DICHA,4,468,338,multi_arch_11_ctl_dicha_04_468,added,"all smply used, some extra used",mk,yes,,,2,H10,,,,
191,4,B,7,arch,18,npk,DICHA,1,252,250,multi_arch_18_npk_dicha_01_252_hard,no,all smply used,mk,yes,,,2,H11,,,,
192,4,C,7,arch,18,npk,DICHA,2,383,385,multi_arch_18_npk_dicha_02_383,added,"all smply used, some extra used",mk,yes,,,2,H12,,,,
193,4,D,7,arch,18,npk,DICHA,4,458,341,multi_arch_18_npk_dicha_04_458_hard,added,"all smply used, some extra used",mk,yes,,,3,A1,,,,
194,4,E,7,arch,21,ctl,DICHA,1,265,267,multi_arch_21_ctl_dicha_01_265_hard,no,all smply used,mk,yes,,,3,A2,,,,
195,4,F,7,arch,21,ctl,DICHA,2,416,418,multi_arch_21_ctl_dicha_02_416,added,"all smply used, some extra used",mk,yes,,,3,A3,,,,
196,4,G,7,arch,28,npk,DICHA,1,280,282,multi_arch_28_npk_dicha_01_280_hard,no,all smply used,mk,yes,,,3,A4,,,,
197,5,A,1,arch,28,npk,DICHA,2,443,445,multi_arch_28_npk_dicha_02_443,added,"all smply used, some extra used",mk,yes,,,3,A5,,,,
198,5,B,1,arch,1,ctl,HYED,1,283,285,multi_arch_01_ctl_hyed_01_283_hard,added,"all smply used, some extra used",mk,yes,,,3,A6,,,,
199,5,C,1,arch,1,ctl,HYED,2,313,315,multi_arch_01_ctl_hyed_02_313,added,"all smply used, some extra used",mk,yes,,,3,A7,,,,
200,5,D,1,arch,8,npk,HYED,1,286,288,multi_arch_08_npk_hyed_01_286_hard,added,"all smply used, some extra used",mk,yes,,,3,A8,,,,
201,5,E,1,arch,8,npk,HYED,2,324,322,multi_arch_08_npk_hyed_02_324,added,"all smply used, some extra used",mk,yes,,,3,A9,,,,
202,5,F,1,arch,11,ctl,HYED,1,208,209,multi_arch_11_ctl_hyed_01_208_hard,added,"all smply used, some extra used",mk,yes,,,3,A10,,,,
203,5,G,1,arch,11,ctl,HYED,2,350,352,multi_arch_11_ctl_hyed_02_350,added,"all smply used, some extra used",mk,yes,,,3,A11,,,,
204,5,A,2,arch,11,ctl,HYED,4,437,439,multi_arch_11_ctl_hyed_04_437_hard,added,"all smply used, some extra used",mk,yes,,,3,A12,,,,
205,5,B,2,arch,18,ctl,HYED,1,241,243,multi_arch_18_npk_hyed_01_241_hard,added,"all smply used, some extra used",mk,yes,,,3,B1,,,,
206,5,C,2,arch,18,ctl,HYED,2,377,379,multi_arch_18_npk_hyed_02_377,added,"all smply used, some extra used",mk,yes,,,3,B2,,,,
207,5,D,2,arch,18,npk,HYED,4,465,197,mutli_arch_18_npk_hyed_04_465,added,"all smply used, some extra used",mk,yes,,,3,B3,,,,
208,5,E,2,arch,21,ctl,HYED,1,259,261,multi_arch_21_ctl_hyed_01_259_hard,added,"all smply used, some extra used",mk,yes,,,3,B4,,,,
209,5,F,2,arch,21,ctl,HYED,2,410,412,multi_arch_21_ctl_hyed_02_410,added,"all smply used, some extra used",mk,yes,,,3,B5,,,,
210,5,G,2,arch,28,npk,HYED,1,274,276,multi_arch_28_npk_hyed_01_274_hard,added,"all smply used, some extra used",mk,yes,,,3,B6,,,,
211,5,A,3,arch,28,npk,HYED,3,295,297,multi_arch_28_npk_hyed_03_295_hard,added,"all smply used, some extra used",mk,yes,,,3,B7,,,,
212,5,B,3,arch,18,npk,LYLU,1,386,388,multi_arch_18_npk_lylu_01_386,no,all smply used,mk,yes,,,3,B8,,,,
213,5,C,3,arch,18,npk,LYLU,2,389,391,multi_arch_18_npk_lylu_02_389,no,all smply used,mk,yes,,,3,B9,,,,
214,5,D,3,arch,1,ctl,PANO,1,196,201,multi_arch_01_ctl_pano_01_196_hard,no,all smply used,mk,yes,,,3,B10,,,,
215,5,E,3,arch,1,ctl,PANO,2,298,300,multi_arch_01_ctl_pano_02_298,no,all smply used,mk,yes,,,3,B11,,,,
216,5,F,3,arch,8,npk,PANO,1,229,215,multi_arch_08_npk_pano_01_229_hard,no,"label said ""223"" written 229, all smply used",mk,yes,,,3,B12,,,,
217,5,G,3,arch,8,npk,PANO,2,325,327,multi_arch_08_npk_pano_02_325,no,all smply used,mk,yes,,,3,C1,,,,
218,5,A,4,arch,11,ctl,PANO,1,237,206,multi_arch_11_ctl_pano_01_237_hard,no,all smply used,mk,yes,,,3,C2,,,,
219,5,B,4,arch,11,ctl,PANO,2,353,355,multi_arch_11_ctl_pano_02_353,no,all smply used,mk,yes,,,3,C3,,,,
220,5,C,4,arch,11,ctl,PANO,4,466,339,multi_arch_11_ctl_pano_04_466_hard,no,all smply used,mk,yes,,,3,C4,,,,
221,5,D,4,arch,18,npk,PANO,1,247,249,multi_arch_18_npk_pano_01_247_hard,no,all smply used,mk,yes,,,3,C5,,,,
222,5,E,4,arch,18,npk,PANO,2,380,382,multi_arch_18_npk_pano_02_380,no,all smply used,mk,yes,,,3,C6,,,,
223,5,F,4,arch,18,npk,PANO,4,463,187,multi_arch_18_npk_pano_04_463_hard,no,all smply used,mk,yes,,,3,C7,,,,
224,5,G,4,arch,21,ctl,PANO,1,262,264,multi_arch_21_ctl_pano_01_262_hard,no,all smply used,mk,yes,,,3,C8,,,,
225,5,A,5,arch,21,ctl,PANO,2,413,415,multi_arch_21_ctl_pano_02_413,no,all smply used,mk,yes,,,3,C9,,,,
226,5,B,5,arch,28,npk,PANO,1,277,279,multi_arch_28_npk_pano_01_277_hard,no,all smply used,mk,yes,,,3,C10,,,,
227,5,C,5,arch,28,npk,PANO,2,440,442,multi_arch_28_npk_pano_02_440,no,all smply used,mk,yes,,,3,C11,,,,
228,5,D,5,arch,1,ctl,PTPY,1,307,309,multi_arch_01_ctl_ptpy_01_307,no,all smply used,mk,yes,,,3,C12,,,,
229,5,E,5,arch,1,ctl,PTPY,2,304,306,multi_arch_01_ctl_ptpy_02_304,no,all smply used,mk,yes,,,3,D1,,,,
230,5,F,5,arch,18,npk,PTPY,1,392,394,multi_arch_18_npk_ptpy_01_392,no,all smply used,mk,yes,,,3,D2,,,,
231,5,G,5,arch,18,npk,PTPY,2,395,397,multi_arch_18_npk_ptpy_02_395,no,all smply used,mk,yes,,,3,D3,,,,
232,5,A,6,arch,1,ctl,QUMI,1,199,189,multi_arch_01_ctl_qumi_01_199_hard,no,all smply used,mk,yes,,,3,D4,,,,
233,5,B,6,arch,1,ctl,QUMI,2,292,294,multi_arch_01_ctl_qumi_02_292,no,all smply used,mk,yes,,,3,D5,,,,
234,5,C,6,arch,8,npk,QUMI,1,226,227,multi_arch_08_npk_qumi_01_226_hard,no,all smply used,mk,yes,,,3,D6,,,,
235,5,D,6,arch,8,npk,QUMI,2,321,319,multi_arch_08_npk_qumi_02_321,no,all smply used,mk,yes,,,3,D7,,,,
236,5,E,6,arch,11,ctl,QUMI,1,202,233,multi_arch_11_ctl_qumi_01_202_hard,no,all smply used,mk,yes,,,3,D8,,,,
237,5,F,6,arch,11,ctl,QUMI,2,347,349,multi_arch_11_ctl_qumi_02_347,no,all smply used,mk,yes,,,3,D9,,,,
238,5,G,6,arch,11,ctl,QUMI,4,368,370,multi_arch_11_ctl_qumi_04_368_hard,no,all smply used,mk,yes,,,3,D10,,,,
239,5,A,7,arch,18,npk,QUMI,1,244,246,multi_arch_18_npk_qumi_01_244_hard,no,all smply used,mk,yes,,,3,D11,,,,
240,5,B,7,arch,18,npk,QUMI,2,374,376,multi_arch_18_npk_qumi_02_374,no,all smply used,mk,yes,,,3,D12,,,,
241,5,C,7,arch,18,npk,QUMI,3,434,436,multi_arch_18_npk_qumi_03_434,no,all smply used,mk,yes,,,3,E1,,,,
242,5,D,7,arch,18,npk,QUMI,4,460,342,multi_arch_18_npk_qumi_04_460_hard,no,all smply used,mk,yes,,,3,E2,,,,
243,5,E,7,arch,21,ctl,QUMI,1,256,258,multi_arch_21_ctl_qumi_01_256_hard,no,all smply used,mk,yes,,,3,E3,,,,
244,5,F,7,arch,21,ctl,QUMI,2,407,409,multi_arch_21_ctl_qumi_02_407,no,all smply used,mk,yes,,,3,E4,,,,
245,5,G,7,arch,28,npk,QUMI,1,271,273,multi_arch_28_npk_qumi_01_271_hard,no,all smply used,mk,yes,,,3,E5,,,,
246,6,A,1,arch,1,ctl,SCRH,1,190,198,multi_arch_01_ctl_scrh_01_190_hard,no,"all smply used, mill grind",mk,yes,,,3,E6,,,,
247,6,B,1,arch,1,ctl,SCRH,2,310,312,multi_arch_01_ctl_scrh_02_310,no,all smply used,mk,yes,,,3,E7,,need liquid nitrogen,,
248,6,C,1,arch,8,npk,SCRH,1,217,230,multi_arch_08_npk_scrh_01_217_hard,no,most smply used,mk,yes,,,3,E8,,need liquid nitrogen,,
249,6,D,1,arch,8,npk,SCRH,2,318,316,multi_arch_08_npk_scrh_02_318,no,all smply used,mk,yes,,,3,E9,,need liquid nitrogen,,
250,6,E,1,arch,11,ctl,SCRH,1,211,234,multi_arch_11_ctl_scrh_01_211_hard,no,"all smply used, mill grind",mk,yes,,,3,E10,,,,
251,6,F,1,arch,11,ctl,SCRH,2,344,346,multi_arch_11_ctl_scrh_02_344,no,"all smply used, mill grind",mk,yes,,,3,E11,,,,
252,6,G,1,arch,11,ctl,SCRH,4,365,367,multi_arch_11_ctl_scrh_04_365_hard,no,"all smply used, mill grind",mk,yes,,,3,E12,,,,
253,6,A,2,arch,18,npk,SCRH,1,238,240,multi_arch_18_npk_scrh_01_238_hard,no,"all smply used, mill grind",mk,yes,,,3,F1,,,,
254,6,B,2,arch,18,npk,SCRH,2,371,373,multi_arch_18_npk_scrh_02_371,no,"all smply used, mill grind",mk,yes,,,3,F2,,,,
255,6,C,2,arch,18,npk,SCRH,4,404,406,multi_arch_18_npk_scrh_04_404_hard,no,"all smply used, mill grind",mk,yes,,,3,F3,,,,
256,6,D,2,arch,21,ctl,SCRH,1,253,255,multi_arch_21_ctl_scrh_01_253_hard,no,"all smply used, mill grind",mk,yes,,,3,F4,,,,
257,6,E,2,arch,21,ctl,SCRH,3,289,291,multi_arch_21_ctl_scrh_03_289_hard,no,"all smply used, mill grind",mk,yes,,,3,F5,,,,
258,6,F,2,arch,28,npk,SCRH,1,268,270,multi_arch_28_npk_scrh_01_268_hard,no,"all smply used, mill grind",mk,yes,,,3,F6,,,,
259,6,G,2,arch,28,npk,SCRH,2,431,433,multi_arch_28_npk_scrh_02_431,no,"all smply used, mill grind",mk,yes,,,3,F7,,,,
260,6,A,3,arch,21,ctl,SCRH_hairy,1,425,427,multi_arch_21_clt_scrhhairy_01_425,no,"all smply used, mill grind",mk,yes,,,3,F8,,,,
261,6,B,3,arch,21,ctl,SCRH_hairy,2,428,430,multi_arch_21_ctl_scrhhairy_02_428,no,"all smply used, mill grind",mk,yes,,,3,F9,,,,
262,6,C,3,arch,28,npk,SCRH_hairy,1,446,448,multi_arch_28_npk_scrhhairy_01_446,no,"all smply used, mill grind",mk,yes,,,3,F10,,,,
263,6,D,3,arch,28,npk,SCRH_hairy,2,449,451,multi_arch_28_npk_scrhhairy_02_449,no,"all smply used, mill grind",mk,yes,,,3,F11,,,,
264,6,E,3,arch,28,npk,SpiderPoint,1,452,454,multi_arch_28_npk_spiderpoint_01_452,added,"all smply lost, most extra added",mk,yes,,,3,F12,,,,
265,6,F,3,arch,28,npk,SpiderPoint,2,455,457,multi_arch_28_npk_spiderpoint_02_455,added,"all smply used, most extra used",mk,yes,,,3,G1,,,,
266,6,G,3,sevi,6,npk,boer,1,470,472,sevi_06_npk_boer_01_470_hard,added,"all smply used, all extra used",mk,yes,,,3,G2,,,,
267,6,A,4,sevi,6,npk,boer,2,612,614,sevi_06_npk_boer_02_612,added,"all smply used, all extra used",mk,yes,,,3,G3,,,,
268,6,B,4,sevi,6,npk,boer,1,615,617,sevi_06_npk_boer_01_615_hard,added,"all smply used, back up sample for rep 01, probably should have labeled it rep 03, most of extra added",mk,yes,,,3,G4,,,,
269,6,C,4,sevi,8,ctrl,boer,1,485,487,sevi_08_ctl_boer_01_485_hard,added,"all smply used, most extra used",mk,yes,,,3,G5,,,,
270,6,D,4,sevi,8,ctrl,boer,2,627,629,sevi_08_ctl_boer_02_627,added,"all smply used, all extra used",mk,yes,,,3,G6,,,,
271,6,E,4,sevi,12,ctrl,boer,1,500,503,sevi_12_ctl_boer_01_500_hard,added,"all smply used, all extra used",mk,yes,,,3,G7,,,,
272,6,F,4,sevi,12,ctrl,boer,2,642,644,sevi_12_ctl_boer_02_642,added,"all smply used, all extra used",mk,yes,,,3,G8,,,,
273,6,G,4,sevi,15,npk,boer,1,516,518,sevi_15_npk_boer_01_516_hard,added,"all smply used, all extra used",mk,yes,,,3,G9,,,,
274,6,A,5,sevi,15,npk,boer,2,600,602,sevi_15_npk_boer_02_600,added,"all smply used, all extra used",mk,yes,,,3,G10,,,,
275,6,B,5,sevi,17,npk,boer,1,531,533,sevi_17_npk_boer_01_531_hard,added,"all smply used, all extra used",mk,yes,,,3,G11,,,,
276,6,C,5,sevi,17,npk,boer,2,624,626,sevi_17_npk_boer_02_624,added,"all smply used, most extra used",mk,yes,,,3,G12,,,,
277,6,D,5,sevi,22,ctrl,boer,1,546,548,sevi_22_ctl_boer_01_546_hard,added,"all smply used, most extra used",mk,yes,,,3,H1,,,,
278,6,E,5,sevi,22,ctrl,boer,2,561,563,sevi_22_ctl_boer_02_561,added,"all smply used, all extra used",mk,yes,,,3,H2,,,,
279,6,F,5,sevi,35,ctrl,boer,1,552,554,sevi_35_ctl_boer_01_552_hard,added,"all smply used, all extra used",mk,yes,,,3,H3,,used minig balls that were by the burritto station 20231126,,
280,6,G,5,sevi,39,npk,boer,1,491,493,sevi_39_npk_boer_01_491_hard,added,"all smply used, all extra used",mk,yes,,,3,H4,,used minig balls that were by the burritto station 20231127,,
281,6,A,6,sevi,17,npk,hodr,1,543,545,sevi_17_npk_hodr_01_543_hard,no,"originally ID ""poja"" but sp. is actually ""hodr"" ID error, all smply used ",mk,yes,,,3,H5,,used minig balls that were by the burritto station 20231128,,
282,6,B,6,sevi,22,ctrl,hodr,1,573,575,sevi_22_ctl_hodr_01_572,no,all smply used,mk,yes,,,3,H6,,used minig balls that were by the burritto station 20231129,,
283,6,C,6,sevi,22,ctrl,hodr,2,576,578,sevi_22_ctl_hodr_02_576,no,all smply used,mk,yes,,,3,H7,,used minig balls that were by the burritto station 20231130,,
284,6,D,6,sevi,8,ctrl,poja,1,497,499,sevi_08_ctl_poja_01_497_hard,no,all smply used,mk,yes,,,3,H8,,used minig balls that were by the burritto station 20231131,,
285,6,E,6,sevi,8,ctrl,poja,3,482,484,sevi_08_ctl_poja_03_482_hard,no,all smply used,mk,yes,,,3,H9,,used minig balls that were by the burritto station 20231132,,
286,6,F,6,sevi,12,ctrl,poja,1,513,515,sevi_12_ctl_poja_01_513_hard_original,no,all smply used,mk,yes,,,3,H10,,used minig balls that were by the burritto station 20231133,,
287,6,G,6,sevi,12,ctrl,poja,2,645,647,sevi_12_ctl_poja_02_645,no,all smply used,mk,yes,,,3,H11,,used minig balls that were by the burritto station 20231134,,
288,6,A,7,sevi,15,npk,poja,1,528,530,sevi_15_npk_poja_01_528_hard,no,all smply used,mk,yes,,,3,H12,,used minig balls that were by the burritto station 20231135,,
289,6,B,7,sevi,15,npk,poja,2,594,596,sevi_15_npk_poja_02_594,no,all smply used,mk,yes,,,4,A1,,used minig balls that were by the burritto station 20231136,,
290,6,C,7,sevi,15,npk,poja,3,639,641,sevi_15_npk_poja_03_639,no,all smply used,mk,yes,,,4,A2,,used minig balls that were by the burritto station 20231137,,
291,6,D,7,sevi,35,ctrl,poja,1,558,560,sevi_35_ctl_poja_01_558_hard,no,all smply used,mk,yes,,,4,A3,,used minig balls that were by the burritto station 20231138,,
292,6,E,7,sevi,39,npk,poja,1,537,539,sevi_39_npk_poja_01_537_hard,no,all smply used,mk,yes,,,4,A4,,used minig balls that were by the burritto station 20231139,,
293,6,F,7,sevi,40,ctrl,poja,1,564,566,sevi_40_ctl_poja_01_564,no,all smply used,mk,yes,,,4,A5,,used minig balls that were by the burritto station 20231140,,
294,6,G,7,sevi,6,npk,satr,1,473,475,sevi_06_npk_satr_01_473_hard,added,"all smply used, all extra used",mk,yes,,,4,A6,,used minig balls that were by the burritto station 20231141,,
295,7,A,1,sevi,6,npk,satr,2,609,611,sevi_06_npk_satr_02_609,added,"all smply used, all extra used",mk,yes,,,4,A7,,used minig balls that were by the burritto station 20231142,,
296,7,B,1,sevi,15,npk,satr,1,519,521,sevi_15_npk_satr_01_519_hard,added,"all smply used, all extra used",mk,yes,,,4,A8,,used minig balls that were by the burritto station 20231143,,
297,7,C,1,sevi,15,npk,satr,2,597,599,sevi_15_npk_satr_02_597,added,"all smply used, all extra used",mk,yes,,,4,A9,,used minig balls that were by the burritto station 20231144,,
298,7,D,1,sevi,17,npk,satr,1,534,536,sevi_17_npk_satr_01_534_hard,added,"all smply used, all extra used",mk,yes,,,4,A10,,used minig balls that were by the burritto station 20231145,,
299,7,E,1,sevi,17,npk,satr,2,621,623,sevi_17_npk_satr_02_621,added,"all smply used, all extra used",mk,yes,,,4,A11,,used minig balls that were by the burritto station 20231146,,
300,7,F,1,sevi,35,ctrl,satr,1,488,490,sevi_35_ctl_satr_01_488_hard,added,"all smply used, all extra used",mk,yes,,,4,A12,,used minig balls that were by the burritto station 20231147,,
301,7,G,1,sevi,35,ctrl,satr,2,504,506,sevi_35_ctl_satr_02_504_hard,added,"all smply used, all extra used",mk,yes,,,4,B1,,used minig balls that were by the burritto station 20231148,,
302,7,A,2,sevi,35,ctrl,satr,3,549,551,sevi_35_ctl_satr_03_549_hard,added,"all smply used, all extra used",mk,yes,,,4,B2,,used minig balls that were by the burritto station 20231149,,
303,7,B,2,sevi,35,ctrl,satr,4,522,524,sevi_35_ctl_satr_04_522_hard,added,"all smply used, all extra used",mk,yes,,,4,B3,,used minig balls that were by the burritto station 20231150,,
304,7,C,2,sevi,35,ctrl,satr,5,630,632,sevi_35_ctl_satr_05_630,added,"all smply used, all extra used",mk,yes,,,4,B4,,used minig balls that were by the burritto station 20231151,,
305,7,D,2,sevi,35,ctrl,satr,6,633,635,sevi_35_ctl_satr_06_633,added,"all smply used, all extra used",mk,yes,,,4,B5,,used minig balls that were by the burritto station 20231152,,
306,7,E,2,sevi,39,npk,satr,1,507,509,sevi_39_npk_satr_01_507_hard,added,"all smply used, all extra used",mk,yes,,,4,B6,,used minig balls that were by the burritto station 20231153,,
307,7,F,2,sevi,25,npk,soel,1,494,496,sevi_25_npk_soel_01_494_hard,no,all smply used,mk,yes,,,4,B7,,used minig balls that were by the burritto station 20231154,,
308,7,G,2,sevi,25,npk,soel,2,525,527,sevi_25_npk_soel_02_525_hard,no,most smply used,mk,yes,,,4,B8,,used minig balls that were by the burritto station 20231155,,
309,7,A,3,sevi,25,npk,soel,3,540,542,sevi_25_npk_soel_03_540_hard,no,all smply used,mk,yes,,,4,B9,,used minig balls that were by the burritto station 20231156,,
310,7,B,3,sevi,25,npk,soel,4,585,587,sevi_25_npk_soel_04_585,no,all smply used,mk,yes,,,4,B10,,used minig balls that were by the burritto station 20231157,,
311,7,C,3,sevi,35,ctrl,soel,1,479,481,sevi_35_ctl_soel_01_479_hard,no,all smply used,mk,yes,,,4,B11,,used minig balls that were by the burritto station 20231158,,
312,7,D,3,sevi,35,ctrl,soel,2,510,512,sevi_35_ctl_soel_02_510_hard,no,all smply used,mk,yes,,,4,B12,,used minig balls that were by the burritto station 20231159,,
313,7,E,3,sevi,35,ctrl,soel,3,591,593,sevi_35_ctl_soel_03_591,no,all smply used,mk,yes,,,4,C1,,used minig balls that were by the burritto station 20231160,,
314,7,F,3,sevi,35,ctrl,soel,4,588,590,sevi_35_ctl_soel_04_588,no,all smply used,mk,yes,,,4,C2,,used minig balls that were by the burritto station 20231161,,
315,7,G,3,sevi,39,npk,soel,1,579,581,sevi_39_npk_soel_01_579,no,all smply used,mk,yes,,,4,C3,,used minig balls that were by the burritto station 20231162,,
316,7,A,4,sevi,39,npk,soel,2,582,584,sevi_39_npk_soel_02_582,no,all smply used,mk,yes,,,4,C4,,used minig balls that were by the burritto station 20231163,,
317,7,B,4,sevi,40,ctrl,soel,1,555,557,sevi_40_ctl_soel_01_555_hard,no,all smply used,mk,yes,,,4,C5,,used minig balls that were by the burritto station 20231164,,
318,7,C,4,sevi,40,ctrl,soel,2,603,605,sevi_40_ctl_soel_02_603,no,all smply used,mk,yes,,,4,C6,,used minig balls that were by the burritto station 20231165,,
319,7,D,4,sevi,22,ctrl,spfl,1,567,569,sevi_22_ctl_spfl_01_567,no,all smply used,mk,yes,,,4,C7,,used minig balls that were by the burritto station 20231166,,
320,7,E,4,sevi,22,ctrl,spfl,2,570,572,sevi_22_ctl_spfl_02_570,no,all smply used,mk,yes,,,4,C8,,used minig balls that were by the burritto station 20231167,,
321,7,F,4,sevi,6,npk,xasp,1,476,478,sevi_06_npk_xasp_01_476_hard,added,"all smply used, most extra used",mk,yes,,,4,C9,,used minig balls that were by the burritto station 20231168,,
322,7,G,4,sevi,6,npk,xasp,2,606,608,sevi_06_npk_xasp_02_606,added,"all smply used, most extra used",mk,yes,,,4,C10,,used minig balls that were by the burritto station 20231169,,
323,7,A,5,sevi,17,npk,xasp,1,636,638,sevi_17_npk_xasp_01_636,added,"all smply used, most extra used",mk,yes,,,4,C11,,used minig balls that were by the burritto station 20231170,,
324,7,B,5,sevi,17,npk,xasp,2,618,620,sevi_17_npk_xasp_02_618,added,"all smply used, most extra used",mk,yes,,,4,C12,,used minig balls that were by the burritto station 20231171,,